"","ESGU","GSPC","IWDA","SUWS","Rate_10Y"
"2020-01-03",-0.00578356834190341,-0.00708490936495387,-0.000529079005167965,-0.00493936444814325,-0.0434851119397387
"2020-01-06",0.00308403021664017,0.00352714519427266,-0.00273820060297147,-0.00206508952879214,0.00554018037561532
"2020-01-07",-0.00258083958327049,-0.0028071750845946,0.00652391885583814,0.00289015649120961,0.0109891215755952
"2020-01-08",0.0052940986622696,0.00489047348564142,0.003158456738241,0.00103039883242673,0.0216224640131658
"2020-01-09",0.00690937544493764,0.00663321411690632,0.00672224478866212,0.00513475973301047,-0.0107527917762619
"2020-01-10",-0.0034415963392993,-0.00285926248750634,-0.000783426671920218,0.00163763173672238,-0.0108696722369039
"2020-01-13",0.00905590772013554,0.00695199404593438,-0.000783974423411493,0.000817981921373834,0.0108696722369039
"2020-01-14",-0.00105712440021133,-0.00151568083689568,0.0036534328414497,0.00285712605656219,-0.0163491380015295
"2020-01-15",0.00164677820173509,0.00186845024368765,0.00043407311667476,0.00366165100004268,-0.0166208812360403
"2020-01-16",0.00873847337857114,0.00833174742223264,0.00407086624502018,0.00243353216396835,0.0111112254250707
"2020-01-17",0.00325724217328904,0.0038547232474837,0.00783503968615307,0.00363885110085338,0.0164387263431599
"2020-01-20",0,0,0.00128563571905449,0.000807259466318433,0
"2020-01-21",-0.00122006804040531,-0.00265550036958473,-0.00137142101395682,0,-0.0331522073169005
"2020-01-22",0.000678061845071909,0.000289034296681479,0.00179962098714004,0.00161189414335428,-0.005633817718256
"2020-01-23",0.00108371877908375,0.00114032619335802,-0.00368830280005561,-0.00849153687449444,-0.0170944333593002
"2020-01-24",-0.0087049679234319,-0.00908328942619363,0.00488620990281685,0.00445683499972049,-0.0232568621642673
"2020-01-27",-0.0150024414586181,-0.0158557523568437,-0.0214355946426608,-0.0200088757176011,-0.0543940720657987
"2020-01-28",0.0102096237807778,0.0100033835003526,0.0105158844950317,0.0092377612699337,0.0245411089161174
"2020-01-29",-0.00109845384136253,-0.000867250143585352,0.00284889762904239,0.00265262844790426,-0.0307716586667535
"2020-01-30",0.00466096982897568,0.00312945693021049,-0.0112701935774719,-0.00654259742187513,-0.0189280098855189
"2020-01-31",-0.0183591606559501,-0.0178644435713622,-0.0115750128573078,-0.00720542220517162,-0.0389659685333837
"2020-02-03",0.00901482174110502,0.00722842576123206,0.0063302588232732,0.00556308397381411,0.0196727655987048
"2020-02-04",0.0158880373448564,0.0148693159175064,0.0178933391080509,0.0187262293844155,0.0444517625708339
"2020-02-05",0.00933313268546065,0.0111877786589734,0.0090839388591526,0.0070331224320308,0.0305834233720801
"2020-02-06",0.00228588030371935,0.00332015505700234,0.00747918882102727,0.0051927555346678,-0.0060423144559627
"2020-02-07",-0.00376799235120817,-0.00541549100945993,-0.000423420900166782,-0.0051927555346678,-0.0370412716803489
"2020-02-10",0.00671878842036566,0.00729969012057374,0.0023690574876829,-0.000600993040524633,-0.0190481949706945
"2020-02-11",0.00240744502490653,0.00168704868600322,0.00740928917935157,0.00857869337909944,0.0190481949706945
"2020-02-12",0.00586118082215137,0.00644185310520307,0.00568801457867618,0.00119128409974056,0.0186921330121526
"2020-02-13",-0.000797186799920802,-0.00163177635998935,0.00358020703652961,-0.000992596712874994,-0.00619197024792106
"2020-02-14",0.00199188677506434,0.00184183609848532,0,0.000794106464175215,-0.0125001627642315
"2020-02-17",0,0,0.00307043719338118,0.00356573722434783,0
"2020-02-18",-0.00225753632618098,-0.00292421398614806,-0.0065672200988125,-0.00734347587929562,-0.0254790853009849
"2020-02-19",0.00490752128707417,0.00469474828428496,0.0102062515943162,0.0097136448672408,0.00643089033029043
"2020-02-20",-0.00384468493603674,-0.00382281742799684,-0.0109571920795561,-0.00851904046661356,-0.0259754864032607
"2020-02-21",-0.0113537409171327,-0.0105738092328203,-0.00627958705492659,-0.00239047106060841,-0.04027389913794
"2020-02-24",-0.0327719125804311,-0.0340880794204406,-0.0339131480586925,-0.030578679940793,-0.0563529365511318
"2020-02-25",-0.0304420123600861,-0.0307479043753531,-0.0167349247501187,-0.0142904152331791,-0.0369045569354507
"2020-02-26",-0.00415870483546765,-0.00378569732352929,-0.00345178364183063,-0.00229714416720239,0
"2020-02-27",-0.0457195680789795,-0.0451681363522622,-0.0444155068628391,-0.0338076645343517,-0.0228146777661714
"2020-02-28",-0.00648915380362691,-0.00827246310965268,-0.0408644742518613,-0.0455731111407582,-0.140146631743242
"2020-03-02",0.0428248695044013,0.0450108687694133,0.0112333588015643,0.031416335542136,-0.0269074529199242
"2020-03-03",-0.0266060605578842,-0.028510484922915,0.0113918507057731,0.0087353999580353,-0.0755075525081452
"2020-03-04",0.0410069294074971,0.041336349360634,0.00864665307975931,0.0123178966805959,0
"2020-03-05",-0.0321085687370148,-0.0345107824399822,-0.00732602854269304,0.00257394890486706,-0.103184236235231
"2020-03-06",-0.0199829516727705,-0.0172009436523854,-0.0427563912516953,-0.0348769152516584,-0.217723483844871
"2020-03-09",-0.0787879317478994,-0.0790104129403719,-0.0629393490767352,-0.0502664404468609,-0.315081046639895
"2020-03-10",0.0474230535182025,0.0482150524258591,-0.0113805423623914,-0.0124405093659652,0.341749293722057
"2020-03-11",-0.0490543459394024,-0.0501028928086056,0.00179997051609515,-0.0128354045249834,0.075985906977922
"2020-03-12",-0.101992293644495,-0.0999448524024729,-0.0935240133921869,-0.100699934116817,0.0706175672139534
"2020-03-13",0.090665073516198,0.0888084069492354,0.0163598788272998,0.00381411976035539,0.0659579677917974
"2020-03-16",-0.127863528070153,-0.127652197472817,-0.0314575181734451,-0.0124502333116143,-0.252835341121613
"2020-03-17",0.0636000334776279,0.0582263126356919,0.0189235305303619,0.00235300929491444,0.33451337213588
"2020-03-18",-0.0527769895862766,-0.0532222723320803,-0.0367705235073843,-0.0481438450226848,0.145711811181394
"2020-03-19",0.00444432916443116,0.00469676097040139,0.0170211840210133,0.0149086358394785,-0.0521857531705701
"2020-03-20",-0.0465200302377857,-0.0443276240533672,0.00611834633406838,-0.00309703096236236,-0.196710294246054
"2020-03-23",-0.0330606017404027,-0.0297315010095769,-0.0586983334161384,-0.0485737913041859,-0.191055236762709
"2020-03-24",0.0925234596351054,0.0896832325179631,0.0805114419729018,0.0772922953221789,0.100083458556983
"2020-03-25",0.0128373714818912,0.0114689904208225,0.0276192143595941,0.0320955240247958,0.0465200156348929
"2020-03-26",0.0545718224138843,0.0605438310742468,0.0175958054698264,0.0368400372763225,-0.0584962066816086
"2020-03-27",-0.0288515494602022,-0.0342678455416268,-0.024204581445082,-0.0212223801240872,-0.142174488780543
"2020-03-30",0.0329548051255117,0.0329665905699752,0.0213483548650517,0.0250832082992518,-0.0281708769666963
"2020-03-31",-0.0192941650751863,-0.0161423107884158,0.0150674021075208,0.00782623424312212,0
"2020-04-01",-0.0428242763975444,-0.0451463627327868,-0.0431817514516708,-0.0461327629241723,-0.121360857004267
"2020-04-02",0.022617797323822,0.0225726570569602,0.00901113399572129,-0.000415815947370168,0.0160003413464411
"2020-04-03",-0.0142111922356603,-0.015252860825945,-0.00359469824490111,-0.00500637096091383,-0.0160003413464411
"2020-04-06",0.0649097916813464,0.067968244144831,0.0411190005316162,0.0462276559899524,0.0775582343458746
"2020-04-07",0.00168581823827374,-0.0016043390483631,0.0298974895407125,0.03371867154444,0.112795494145344
"2020-04-08",0.0315012432634445,0.0334893711912851,-0.000104849690147901,-0.00653718674631998,0.0263173083173734
"2020-04-09",0.0181148094377122,0.0143834703036996,0.0200307700208939,0.0263681325674585,-0.0533459807052927
"2020-04-10",0,0,0,0,0
"2020-04-13",-0.0112834026098163,-0.010156059444677,0,0,0.0402738991379399
"2020-04-14",0.0312776595872224,0.0301145595723069,0.00777897607736788,0.00894955731701508,0
"2020-04-15",-0.0232050684929774,-0.0222767326723687,-0.0174848081421333,-0.0194135854166668,-0.187598613894798
"2020-04-16",0.0060917075508442,0.00579983783954141,0.010424846991262,0.0073835817196819,-0.0322608622182214
"2020-04-17",0.0250939766645226,0.0264409320213206,0.0150823539827512,0.0169416386345982,0.0635134057223259
"2020-04-20",-0.015392157304575,-0.0180428456153479,0.0070550276462833,0.0102136468020133,-0.0312525435041044
"2020-04-21",-0.0338033677994325,-0.0311551152363307,-0.0397470860301814,-0.0419772716930695,-0.0826917158451135
"2020-04-22",0.0241015484394849,0.0226713005821368,0.0220152266865679,0.0162450009975581,0.0826917158451135
"2020-04-23",-0.000639783101623159,-0.000539567660196028,0.0134039344445243,0.0127149717589621,-0.0322608622182214
"2020-04-24",0.0142907518836264,0.0138220905668396,-0.00973045469773082,-0.0141379865000621,-0.0165293019512106
"2020-04-27",0.0148658806089976,0.014606868181736,0.0228575291418429,0.0253061237380754,0.110348057168865
"2020-04-28",-0.00545129032903269,-0.00525617019048408,0.00704339712284563,0.0062274083550311,-0.0775582343458746
"2020-04-29",0.0278759118764569,0.0262367040450737,0.0189959182200008,0.018002362586236,0.0160003413464411
"2020-04-30",-0.0108424726234482,-0.00925514331905486,-0.0202818858658649,-0.0106711036345422,0.0157483569681392
"2020-05-01",-0.0264480295329736,-0.0284602110147762,0,-0.0249608380073323,0
"2020-05-04",0.00409046700884996,0.00424082257884972,-0.0316752798432969,-0.00846041818635102,0
"2020-05-05",0.00844306885017421,0.00899993519777986,0.0310812445922268,0.0207877895815378,0.0307716586667537
"2020-05-06",-0.00530782258103191,-0.00700388039904265,-0.0039694556840626,-0.0053313415116194,0.0870113769896297
"2020-05-07",0.0130622211111442,0.0114389557548904,0.0108782568553587,0.00925334764009222,-0.133531392624523
"2020-05-08",0.0168507126554616,0.016730795065226,0.00539510900476792,0,0.0909717782057266
"2020-05-11",0.00151782758509178,0.000133069366791361,0.00371055258250097,0.0121294047528069,0.0563529365511318
"2020-05-12",-0.0208436521112381,-0.020713365772048,-0.00263501487226581,0.00612337115926476,-0.0563529365511318
"2020-05-13",-0.0179707081971134,-0.0176169966242803,-0.023032717004198,-0.0244892943195356,-0.0752234212375874
"2020-05-14",0.0126914215376859,0.011458917804072,-0.0119713964893089,-0.0175298191774931,-0.0157483569681392
"2020-05-15",0.00496957843637968,0.0039186752037228,0.00846527247240347,0.0110213357020463,0.0157483569681392
"2020-05-18",0.0291602612487507,0.0310152087700732,0.0340353142517391,0.0400007307785,0.131576357788719
"2020-05-19",-0.011349356389788,-0.0105397477115989,-0.00378990195892381,-0.0017941927568943,-0.0419641990990322
"2020-05-20",0.017349703893399,0.0165139906134151,0.00340184494690288,0.00738013134065918,-0.0289875368732522
"2020-05-21",-0.00750637254017228,-0.00780396830995311,-0.00984840005051568,-0.0152675848424357,0
"2020-05-22",0.00270915209456479,0.00235094568681227,0.00303309809399321,0.00113055481263702,-0.0298529631496812
"2020-05-25",0,0,0.0181040107038295,0,0
"2020-05-26",0.0126931258023575,0.0122142850214599,0.00124643815883685,0.0247755543381192,0.0444517625708337
"2020-05-27",0.0147300110596671,0.0147184474903153,-0.00230235961167846,-0.0046405784324608,-0.0145987994211526
"2020-05-28",-0.00160977903252046,-0.00211013932491966,0.0138301306054904,0.0245038132714923,0.0289875368732522
"2020-05-29",0.0030707718647065,0.00480079355230778,-0.0194162167948471,-0.0167817721412742,-0.0741079721537218
"2020-06-01",0.00625882660126376,0.00374421647836343,0.0147639619266657,0.0154840100358908,0.0152674721307884
"2020-06-02",0.00794848071570353,0.00817730728240029,0.00266108098535733,0.00733047446615553,0.0298529631496812
"2020-06-03",0.0131564178661208,0.0135566708125623,0.0154457712338703,0.0193604316441411,0.124297716677577
"2020-06-04",-0.00398578400686667,-0.00337438908360888,-0.00863529076328051,-0.00274268174409276,0.0629138254105692
"2020-06-05",0.0234010471622019,0.025874012821637,0.026695489681376,0.0219420566409423,0.104140259252597
"2020-06-08",0.0124621346192644,0.0119696564058049,0.000734029142258841,-0.00227623408702815,-0.0335226920386436
"2020-06-09",-0.00593506226120954,-0.00782974341972142,-0.00736443919854146,-0.00103643777004025,-0.0465200156348929
"2020-06-10",-0.00610920968957984,-0.00532725573518178,-0.00463049525699821,-0.00103759949137827,-0.113328685307003
"2020-06-11",-0.0580600848007853,-0.0607526929962887,-0.0365842837738719,-0.0322235564348654,-0.127833371509885
"2020-06-12",0.0121762687020945,0.0129762866052108,-0.000674208494692241,-0.0158611992557283,0.0730251350148898
"2020-06-15",0.010410433425748,0.0082778608181755,-0.00696126971031452,-0.00219246793826366,0
"2020-06-16",0.0173744203847432,0.0187848528667107,0.0336751313298409,0.031542836785059,0.0548082364949951
"2020-06-17",-0.00270812771045748,-0.00360679623262961,0.00505288733836462,0.00148760656099012,-0.0134230203321407
"2020-06-18",0.00128355107706657,0.000594043403802758,-0.0040215187071575,-0.0021256415230837,-0.0413852161628544
"2020-06-19",-0.00543159805042848,-0.00566551356567402,0.00811990781660654,0.00678682135574404,-0.0141846349919564
"2020-06-22",0.00699847394854825,0.00647409329665827,-0.0124399660609704,-0.00678682135574404,0.0141846349919564
"2020-06-23",0.00411917782008686,0.00429816919148429,0.00908800197989734,0.0162534079940611,0.0139862419747399
"2020-06-24",-0.0255543326464762,-0.0261952655956623,-0.0264615993374964,-0.0299669950863906,-0.042559614418796
"2020-06-25",0.0114221410072366,0.0108998277282168,0.00496757107642054,-0.00194375648955369,-0.0145987994211526
"2020-06-26",-0.0232704828785293,-0.0245252042748305,-0.00477601431625896,-0.00368178065630631,-0.0606246218164349
"2020-06-29",0.0128655483653217,0.0145788881135331,0.00133957906154603,0.0077806762656718,0
"2020-06-30",0.016567684779873,0.0152923494357555,0.00781030431565632,0.00900143455665559,0.0307716586667537
"2020-07-01",0.005982910505546,0.0050095639758716,0.0061480592029941,0.00298241528611887,0.0444517625708337
"2020-07-02",0.0048173048549156,0.00453097047681617,0.0153460422241909,0.0158280061238043,-0.0145987994211526
"2020-07-03",0,0,-0.00652139982759792,-0.00693349871388582,0
"2020-07-06",0.0169579103287871,0.015756930832163,0.0127236706656442,0.0192114627000206,0.0145987994211526
"2020-07-07",-0.0103365145222609,-0.0108774778696432,-0.000646200754831128,-0.000827904380399369,-0.0597192347016222
"2020-07-08",0.00811051027610343,0.00779698626343084,-0.0113299987747579,-0.00956737970824162,0.030305349495329
"2020-07-09",-0.00474645921061168,-0.00565959147619566,-0.0035553672333859,-0.00460819579734051,-0.0775582343458746
"2020-07-10",0.0100247805137386,0.0104118097744443,0.0086790734958373,0.0096114441997075,0.0472528848505456
"2020-07-13",-0.0108649922126434,-0.00940664521605861,0.0152153232788117,0.0209885683661801,-0.0155041865359652
"2020-07-14",0.0136737631469597,0.0133173005829033,-0.0187525594135285,-0.0168385607049275,-0.0157483569681392
"2020-07-15",0.00958327386506586,0.00904105693635415,0.0152688993050893,0.0196848835194465,0.0157483569681392
"2020-07-16",-0.00356434397167238,-0.0034119152141141,-0.00635685454516244,-0.00570119297236671,-0.0317486983145803
"2020-07-17",0.00287955415116325,0.00284456258758325,0.00350590713335608,0.00387241647310366,0.0317486983145803
"2020-07-20",0.00940413338100221,0.00837179725514048,0.0052358516346529,0.00486999522241272,-0.0317486983145803
"2020-07-21",0.000406973048479031,0.00167762933456039,0.00648373649459222,0.0114724782672846,-0.0162605208717803
"2020-07-22",0.00635234947283436,0.00573063059447243,-0.0113512555773432,-0.00200309104781349,-0.0165293019512106
"2020-07-23",-0.0126092304286916,-0.0123963784122463,0.00211519576952313,0.00400226041631901,-0.0168071183163813
"2020-07-24",-0.00725806698283726,-0.00620964002427549,-0.0194811215536421,-0.0142815285112192,0
"2020-07-27",0.00766720282910782,0.0073679288214823,-0.00657894232144862,0.0062605084999825,0.0495969411393722
"2020-07-28",-0.00684291547105786,-0.00649443541864692,0.00685992185280959,0.00361742693930989,-0.0495969411393722
"2020-07-29",0.0135034412663995,0.0123517833517433,-0.00243790220894891,0.00400394647227986,-0.0170944333593002
"2020-07-30",-0.00366429312969441,-0.00375730176345535,-0.010001004010098,-0.0146925870894801,-0.0531098253139483
"2020-07-31",0.00812559124913825,0.00764123624217561,-0.00322914455668455,-0.00284269721238894,0
"2020-08-03",0.00765851649617311,0.0071553626643599,0.0215507408402695,0.0159357615330105,0.0180185055026784
"2020-08-04",0.00374088479849988,0.00360542302613354,0.000465355076338714,0.000799750097962404,-0.0741079721537219
"2020-08-05",0.00611525556107839,0.00640916043551698,-0.00130365406715427,0.0107402211295866,0.0560894666510435
"2020-08-06",0.0063420990632661,0.00640712602066529,0.000372656194647103,-0.00674872816216965,0
"2020-08-07",0.000263076290824671,0.000632829269957114,0.0085327745640571,0.00318172998492527,0.0357180826020791
"2020-08-10",0.00131596723324723,0.00273846527339217,0.00267466996037236,0.00079356581691159,0.0344861760711693
"2020-08-11",-0.00858376048016218,-0.00800105540137785,0.00834679140211181,0.00869059827655083,0.0813456394539525
"2020-08-12",0.0152674737842275,0.0138995022936133,0.00482937533485028,0.00900562786396764,0.0752234212375874
"2020-08-13",-0.000522673079357716,-0.00204927267615673,-0.00245737800531476,0.00253044758180154,0.0285733724440561
"2020-08-14",-0.000130764738399236,-0.000171897396278098,-0.00346871416772476,-0.00331057281426905,0
"2020-08-17",0.0037833237737317,0.00270617750742375,0.00063988022231154,0.00796537515572915,-0.0285733724440561
"2020-08-18",0.00297731324061967,0.00230074041981609,-0.00357028243459867,0.00135331931029903,-0.0294138852062932
"2020-08-19",-0.00401966347224114,-0.00441412334518176,0.00566990758649721,0.000772892046686513,0.0148150857851406
"2020-08-20",0.00403258851314625,0.0031536547683455,-0.00420366800672234,-0.0065866907365324,-0.0451204352804696
"2020-08-21",0.00375751246698464,0.00343519998297381,0.00593474957574625,-0.000972153714833057,-0.0155041865359652
"2020-08-24",0.00837171265800585,0.00999361536490184,0.00915236455721491,0.00871650476505281,0.0155041865359652
"2020-08-25",0.00435102172370172,0.00358989974554014,0.000721387136368712,0.00308108876666902,0.0597192347016222
"2020-08-26",0.0113011053579859,0.0101440013448428,0.00745362172958686,0.0109000436593463,0
"2020-08-27",0.00164013406555519,0.00167164603180936,0.00704323275309093,0.00436467052270517,0.0699585886069105
"2020-08-28",0.00615778723377591,0.00671000284956946,-0.00784874936965885,0.000756992668418999,0
"2020-08-31",-0.00175531019043262,-0.00219737517550911,-0.00385772070030388,0,-0.0273989741881145
"2020-09-01",0.00936850222685415,0.00749683142070623,0.00349948215463147,0.00189040839823273,-0.0571584138399485
"2020-09-02",0.0139515040489133,0.0152490501438702,0.0175801681014027,0.00752586576878289,-0.0298529631496812
"2020-09-03",-0.0381125774079489,-0.0357575941421864,-0.0186556543917984,-0.0179671424656838,-0.0465200156348929
"2020-09-04",-0.00908469208542151,-0.00816628075427417,-0.021297633390915,-0.0268851727198673,0.133531392624523
"2020-09-07",0,0,0.014098219374826,0.0182601575923782,0
"2020-09-08",-0.0293468888926096,-0.0281488290864669,-0.0174012833689092,-0.0182601575923782,-0.042559614418796
"2020-09-09",0.0200492168984008,0.019944760662181,0.0106953420772093,0.0136299236438913,0.0285733724440561
"2020-09-10",-0.0167455480249235,-0.0177412459253965,-0.00346120101113367,0.00405244640749847,-0.0431721718652086
"2020-09-11",0.000263961525666545,0.000532930158087197,-0.00695848032334112,-0.00637610936082544,-0.0148150857851406
"2020-09-14",0.0134931841704624,0.0126613350250242,0.00832617168695915,0.0111797776347957,0.0148150857851406
"2020-09-15",0.00609688669201436,0.00520578593049947,0.00825741860802598,0.00725755567942676,0
"2020-09-16",-0.00440664142019376,-0.00462964689215184,0.00306773074902722,0.00455670380596684,0.0145987994211526
"2020-09-17",-0.00874181561722676,-0.0084479495285521,-0.0127841052534894,-0.0116483591190921,0
"2020-09-18",-0.0102740403346493,-0.0112455769478288,-0.00916680755422217,-0.00307970866386431,0.0143887374520996
"2020-09-21",-0.00957834112210509,-0.0116385640272991,-0.0216903473780188,-0.0325264346919401,-0.0289875368732522
"2020-09-22",0.00904864745430256,0.0104630163983774,0.0124387314415766,0.00813244291777759,0
"2020-09-23",-0.0245930679421367,-0.0240073389143749,0.00814597573777753,0.0035497196316443,0
"2020-09-24",0.00136205438161419,0.00298300555462916,-0.0114043548582896,-0.0152735037318843,-0.0148150857851406
"2020-09-25",0.0187400814272527,0.015850439224188,0.00706193367655183,0.00538198152041902,-0.0150378773645405
"2020-09-28",0.0160320296575875,0.0159821918538547,0.0205285607631307,0.0222169604575968,0.0150378773645405
"2020-09-29",-0.00540371536085349,-0.00482428270444402,-0.0087464032352873,-0.00077833487164769,-0.0150378773645405
"2020-09-30",0.00711121918256818,0.00821984256837993,0.0058394271639095,0.0069808279284751,0.0444517625708337
"2020-10-01",0.00640874602543029,0.00527894956429442,0.00227179891573481,0.0032796497905605,-0.0145987994211526
"2020-10-02",-0.00851057091764762,-0.00962381286637104,-0.00354625872950454,-0.00657001106017852,0.0289875368732522
"2020-10-05",0.0172080855094059,0.0178131090029012,0.00644664778872794,0.0104147859203321,0.108213584640233
"2020-10-06",-0.0130093808139735,-0.0140720643875234,0.00280180206519276,0.00249103404872786,-0.0259754864032607
"2020-10-07",0.0175227038657191,0.0172471637702412,0.00180339945621011,-0.000382747238525605,0.0637158143861078
"2020-10-08",0.00845616777781011,0.00797821289486933,0.00789664247206812,0.00686886283218113,-0.0377403279828471
"2020-10-09",0.00927045805563065,0.0087550951807529,0.00454811631511642,0.00833179093747161,0.0127390257774298
"2020-10-12",0.0151796728014979,0.0162825301583247,0.013345923750272,0.0112510988564978,0
"2020-10-13",-0.00524288540547158,-0.006326891629163,0.00341820207028043,-0.00224016186040266,-0.0653827592628518
"2020-10-14",-0.00552210104297934,-0.00664517208405968,-0.00420871607786921,0.000560491834677546,-0.0136056520557786
"2020-10-15",-0.000881296887545346,-0.00152892351421308,-0.0109551221864761,-0.0167627210689099,0.0136056520557786
"2020-10-16",-0.000882384292097527,0.000134910456630166,0.00954831606895024,0.0100160731697336,0.0266682470821613
"2020-10-19",-0.0151159685853957,-0.0164646635149417,-0.0101703420802011,-0.00339058687385663,0.0259754864032607
"2020-10-20",0.00332209028469599,0.00471619532000034,-0.0105442877282131,-0.00548660009268742,0.0377403279828471
"2020-10-21",-0.00229870850877312,-0.00219811401156988,-0.00504321632647908,-0.00361128531921606,0.024391453124159
"2020-10-22",0.00573715445256973,0.00520535400349154,0.000451283326087903,-0.00247821187327069,0.0470675108579858
"2020-10-23",0.00215902853086014,0.0034398383203893,0.00441228478483602,0.000381578521853942,-0.0232568621642673
"2020-10-26",-0.0184362781623566,-0.0187644729853211,-0.0161221353718428,-0.0180983654215465,-0.0482021018178776
"2020-10-27",-0.0019399419457633,-0.00303020535044674,-0.000365235493857696,0.0017470836311535,-0.0250013022054173
"2020-10-28",-0.0350449846219911,-0.0359255421085773,-0.0213255731956159,-0.0285253580833627,0
"2020-10-29",0.00987318728345876,0.0118765249399981,0.00623227156587713,-0.00319814590031275,0.0732034040232949
"2020-10-30",-0.0118869555858989,-0.0122037134452615,-0.00753945561422542,-0.00542004321712031,0.0346855579878901
"2020-11-02",0.0112228514656785,0.0122429508905917,0.0140096194791477,0.0167666309256571,-0.0114286958236228
"2020-11-03",0.0180376377150386,0.0176427376840778,0.016810156058197,0.0255999276796606,0.0339015516756814
"2020-11-04",0.0216835728535285,0.0218075256550918,0.0219533442504067,0.0175947265731193,-0.143100843640673
"2020-11-05",0.0208486686266296,0.0192732657767021,0.00688925857536038,0.0174767545055159,0.0127390257774298
"2020-11-06",0.00112487287890684,-0.000287756585374055,-0.00529520667907235,-0.000559260449377597,0.0493927553295763
"2020-11-09",0.0101901639775939,0.0116319747463436,0.034099138487047,0.0208439730021681,0.145507583671238
"2020-11-10",-0.00247574123015948,-0.00140077522086735,-0.0128245321478104,-0.0128608970141368,0.0206192872027357
"2020-11-11",0.00790145699024603,0.0076227283629926,0.0129955313213186,0.0073694114516254,0
"2020-11-12",-0.00914168075546407,-0.0100286515470707,-0.00815627582927192,-0.00165344210037754,-0.107630664192365
"2020-11-13",0.0130690191207279,0.0135185467062939,-0.000517354137280712,-0.000551730141140405,0.0112995552539334
"2020-11-16",0.0119321323749162,0.0115807349228323,0.0152360967657357,0.0138840623294254,0.0222231367847102
"2020-11-17",-0.00375885769616691,-0.00480344378464714,-0.00331844069326426,-0.000363114247910135,-0.0449513878622664
"2020-11-18",-0.0103807747699047,-0.0116312106474812,0.00221347365073488,0.00253798906475589,0.0114286958236228
"2020-11-19",0.0053869878927495,0.00393867569073336,-0.00879782575082988,-0.00854502220000097,-0.0229895182246988
"2020-11-20",-0.00636951991502954,-0.00681573737291963,0.00428046206558985,0.00291710551122626,-0.0355066884569098
"2020-11-23",0.00685763734748068,0.00562010818184966,-0.00128216366414691,-0.000728572999690646,0.0355066884569098
"2020-11-24",0.0155004927202871,0.016032458814033,0.0143520343549639,0.0137510701669821,0.0229895182246988
"2020-11-25",-0.000120081066192768,-0.00158567475551052,-0.00253267691675685,0.000359303648928666,0
"2020-11-26",0,0,0.00152040151176802,0.000718146139168763,0
"2020-11-27",0.00431680254281197,0.00239411102590203,-0.000506586651625618,0.00733272034960231,-0.0465200156348929
"2020-11-30",-0.00491771997988177,-0.00460614063697307,-0.0106970584243848,-0.0136348938628477,0
"2020-12-01",0.00981215517419098,0.0112081406615943,0.00993679365373712,0.0168371351040069,0.0909717782057268
"2020-12-02",0.00130878318202488,0.0017895645286039,-0.0054232772366527,-0.00462876592419792,0.0320883145515004
"2020-12-03",-0.000238081404296153,-0.000624352080293988,8.49187040046218e-05,0.00356239328369456,-0.0320883145515004
"2020-12-04",0.00935326604706965,0.00879746371518664,0.00516928929194371,0.00248624099542205,0.0529224014543424
"2020-12-07",-0.000943050657819633,-0.00193751343896409,0.000253528672987002,0.00124076974948317,-0.031416196233379
"2020-12-08",0.00353229720085757,0.00278327117017163,0.00312173005025329,0.00230054371425026,-0.0215062052209635
"2020-12-09",-0.0105155552329332,-0.007980964948473,0.00218783439589032,-0.00106123853543827,0.0320883145515004
"2020-12-10",0.0005933731607346,-0.00128593452777181,-0.00615493161604164,-0.00413172410040374,-0.0320883145515004
"2020-12-11",-0.00154471167683479,-0.00126579808423166,-0.00661859683299149,-0.00446394138969985,-0.0219789067187753
"2020-12-14",-0.00296267535445605,-0.00436878824514686,0.00534917230201959,0.00855323341346304,0
"2020-12-15",0.0128402909271035,0.012838482022218,-0.000592941416764248,-0.000177562349885863,0.0219789067187753
"2020-12-16",0.0010627877605307,0.00177122562032395,0.0065873594314878,0.00707322910617769,0
"2020-12-17",0.00787557159895513,0.00574114280898286,0.000336587162204083,0.00964498419482207,0.0215062052209635
"2020-12-18",-0.00293144713690818,-0.00351729695214864,-0.00227451888276864,-0.00297110419337043,0.010582109330537
"2020-12-21",-0.00329339752383184,-0.00391392848690941,-0.0111097911422116,-0.0116198239036509,0
"2020-12-22",-0.000471784690495802,-0.00207524469177045,0.0089991060693384,0.00406464852026556,-0.0212773984472848
"2020-12-23",0,0.000745533271818033,0.00404861679343771,0.00562792637695453,0.0317486983145802
"2020-12-24",0.00388249014610409,0.00353034997948676,0.000589049481554582,0.000350704973633986,-0.0210534091978324
"2020-12-25",0,0,0,0,0
"2020-12-28",0.00632057005430298,0.00868470753841244,0.00545321119941722,0,0
"2020-12-29",-0.00221942612466552,-0.00222986482727983,0.000752761866507967,0.0113310051652082,0
"2020-12-30",0.00151866506951404,0.00134064809508061,-0.00234367543819403,0.0017319631145154,-0.0106952891167478
"2020-12-31",0.00442703371309339,0.00641820471170362,-0.00125782184656487,-0.00034615273032812,0
"2021-01-01",0,0,0,0,0
"2021-01-04",-0.0133397570513996,-0.0148647627120262,-0.00479415269240846,0.000519219780140023,0
"2021-01-05",0.00704305617044909,0.00705763138336124,0.00193721459189167,-0.000346235296516451,0.0317486983145802
"2021-01-06",0.00525004777358085,0.00569360338247549,0.0142036358711692,0.0174991427835489,0.0800427076735365
"2021-01-07",0.015701115900014,0.0147382601077517,0.00875530133360591,0.00576579315890346,0.0377403279828471
"2021-01-08",0.00639408990429047,0.00547683739351612,0.0049220647803061,0.00825119844965205,0.0452565915881207
"2021-01-11",-0.00639408990429047,-0.00657632761662086,0.00400184693804828,-0.00335956479538702,0.0175443096509095
"2021-01-12",0.00114467089232928,0.000415702030569065,-0.000733857645958125,-0.000841675039042311,0
"2021-01-13",0.00251385975022256,0.00227305638672526,0.00228123599150365,0,-0.0444517625708337
"2021-01-14",-0.00320078562977244,-0.00376051306874281,0.00519481205159789,0.00201884505673511,0.0444517625708337
"2021-01-15",-0.00793134660685357,-0.00721600079827844,-0.00812880453371001,-0.0108147428259038,-0.0354019270509158
"2021-01-18",0,0,0.0015495859620458,-0.000679483843700313,0
"2021-01-19",0.00850395781744062,0.00810345763576237,-0.00138632575879249,0.0040716674885255,-0.00904983551991792
"2021-01-20",0.0139767437248288,0.0138394173765111,0.0133751558498174,0.00775857982965866,0
"2021-01-21",0.000902114058590975,0.000316673161313119,-0.000644396559321692,0.00419151653378758,0.0180185055026783
"2021-01-22",-0.00293542840154259,-0.00301515266293784,-0.00638567351597352,-0.00385560875715751,-0.0180185055026783
"2021-01-25",0.0036118254087425,0.00360931751301763,-0.00178557974831772,-0.00538908479362377,-0.0465200156348929
"2021-01-26",-0.0016913440892603,-0.00148994316115392,0.00470056651160888,0.0082403748134734,0
"2021-01-27",-0.0256042590915317,-0.0260133151261002,-0.0114659006055646,-0.0150174451146639,-0.00956945101615072
"2021-01-28",0.00967847954543455,0.00971329877875959,0.000899248890321225,0.0020378362149156,0.0284379353205335
"2021-01-29",-0.0189841418509378,-0.0195003776547917,-0.0201392974957377,-0.0174571396443597,0.036701366850428
"2021-02-01",0.0158832044699757,0.0159243002346781,0.0129226246850092,0.00533787763957339,-0.0181823190831904
"2021-02-02",0.0146158060169403,0.0138025288143115,0.0210122708447296,0.017702583236042,0.0271509890659509
"2021-02-03",0.000906109870657978,0.00100826061534498,0.00128862802071339,-0.00236487980270028,0.0264332570681554
"2021-02-04",0.0114852068801641,0.0107948476439219,0.00913394229371445,0.00421910396939795,0
"2021-02-05",0.00446815893070429,0.0038899196077633,0.00358270021592944,0.00637908877253479,0.0341913647482794
"2021-02-08",0.00732934109449168,0.00737210747628936,0.00388656337580251,0.00450781475491446,0
"2021-02-09",-0.000885157182677787,-0.00111414542172206,-0.00126739584920976,0.000832633808236283,-0.00843886864586466
"2021-02-10",0.000553122920163851,-0.000345244522391042,-0.00285760315713635,0,-0.0257524961024147
"2021-02-11",0.00199046365050126,0.00166107481458866,0.00388748838233788,0.00382088367766809,0.00865806274311459
"2021-02-12",0.00484849445573143,0.00469997092616126,0.00324120633312308,0.000828701540681376,0.0339015516756814
"2021-02-15",0,0,0.00856623554431657,0.00841379969956324,0
"2021-02-16",-0.0010995453421776,-0.000569434515414358,-0.0025857160816356,-0.00692377000081201,0.0800427076735365
"2021-02-17",-0.00121154594850026,-0.000320453348917837,-0.0028284165132213,-0.00880644589214508,-0.00772204609391031
"2021-02-18",-0.0040849379639285,-0.00442561422724275,-0.00599750970565616,-0.00200461157893828,0
"2021-02-19",-0.00199327775985925,-0.00185661909566548,0.00331889519086914,0.00932102777233212,0.0380273955892393
"2021-02-22",-0.00868414183235533,-0.00776289289371057,-0.00975078756955661,-0.010492151083149,0.0221411258772136
"2021-02-23",0.000447210351427252,0.00125552961152664,-0.00703494189484921,-0.00958893391720239,0
"2021-02-24",0.00967669836275054,0.0112876676709863,0.00910403491812772,0.00539446629643314,0.00727275932907961
"2021-02-25",-0.0251076483778068,-0.0247833944241727,-0.00990659091854162,-0.00201931684804246,0.109698917256425
"2021-02-26",-0.00420862722297599,-0.00476153229379861,-0.00733315388306632,-0.0242126866804004,-0.0671393028376286
"2021-03-01",0.0244339771749766,0.0235121732256935,0.0193838523905523,0.0184683245475277,0.00692044284457377
"2021-03-02",-0.00905094904474346,-0.00811367873950886,-0.00516956568089277,-0.00339420648207045,-0.0209066848193137
"2021-03-03",-0.0153830281302332,-0.0131523358948016,-0.00271482091627728,-0.00477181955566675,0.0346055291774756
"2021-03-04",-0.014813145684804,-0.0135080380643906,-0.00794704449544348,-0.0147998853475675,0.0465200156348929
"2021-03-05",0.0189082738446746,0.0193083563387102,-0.0114287255073426,-0.0252822716644092,0.0129034048359079
"2021-03-08",-0.0064915804037744,-0.00537364322402567,0.0330343736426837,0.0332258117083746,0.0190481949706945
"2021-03-09",0.0158699066980903,0.0140554007439313,0.00401434777564713,0.00788086693470014,-0.0254790853009849
"2021-03-10",0.00549518655332992,0.00601220377098777,0.00290226595384802,0.00595475488320218,-0.0129871955268112
"2021-03-11",0.0112330327232248,0.0103418255006567,0.00593515630591668,0.0092731411309388,0.00651468102119374
"2021-03-12",0.00154702167403364,0.00101488332753163,-0.00350992385462945,-0.00421980488747087,0.0629138254105692
"2021-03-15",0.00704217659616369,0.00647093953941358,0.00522146334350104,0.00691106002772157,-0.0122700925918142
"2021-03-16",-0.00241524002911842,-0.00157091697859713,0.00936146049545794,0.00519417161140101,0
"2021-03-17",0.00307319110659687,0.0028752446501592,-0.00625700196792067,-0.00469022007168474,0.00615386557437814
"2021-03-18",-0.0161276673749953,-0.0148705600659476,0.0034037506897846,0.00635981042310796,0.0479133556958976
"2021-03-19",-0.000779985632879843,-0.000602885673753661,-0.00689684123751988,-0.00921823113981968,0.0173917427118692
"2021-03-22",0.00832349648056763,0.00700055689834223,0.0023300033296012,0.0072141819714926,-0.0291565842914555
"2021-03-23",-0.0076548611356122,-0.00766011811933431,0.00100806340878012,-0.00401991162014337,-0.0361485141163112
"2021-03-24",-0.0074896812375238,-0.00548233660034825,-0.00046509736182454,-0.00268926942105052,-0.00615386557437814
"2021-03-25",0.00552199528295283,0.0052265834327283,-0.00357314906729833,-0.00861982350070245,0.00615386557437814
"2021-03-26",0.0162099349674243,0.0164944186587164,0.0098340202130629,0.011309092921753,0.0242436116099928
"2021-03-29",-0.00220488070278879,-0.000868389626386801,0.00384527125110967,0.00268171288082164,0.0352977820810239
"2021-03-30",-0.00165721691133669,-0.00316282940964996,0.00558764319803906,0.00150537348142699,0
"2021-03-31",0.00463314272233006,0.00361595359242095,0.00251573864393073,0.00300410241108429,0.00576370471675003
"2021-04-01",0.0118146847621663,0.0117558304276741,0.00410310234803291,0.00780131657595717,-0.0291565842914555
"2021-04-02",0,0,0,0,0.0175957618903796
"2021-04-05",0.0131810376375503,0.0143349877622434,0,0,0.00579711768432589
"2021-04-06",0.000107158249849526,-0.000974004940797357,0.0095087463600807,0.0144455155886785,-0.0352977820810239
"2021-04-07",0.000858250068319855,0.00147414569810778,-0.00519600891102368,-0.00293784424468457,0.00597016698650377
"2021-04-08",0.00545357520461298,0.00421175094059123,0.00579671347084609,0.00293784424468457,-0.0240975515790605
"2021-04-09",0.00722556144038577,0.00769028813568795,0.00239910200555027,0.00260422071343136,0.0181273845925568
"2021-04-12",0.0003176882597975,-0.000196098074740192,-0.000524265521686829,0.00421728094075768,0.0119049025063184
"2021-04-13",0.0040138231623077,0.00328907187706307,0.00246942787052351,0.00516633962550928,-0.0300322870988751
"2021-04-14",-0.00411950688653473,-0.00409610432073038,-7.48141990856155e-05,0.0049796139185232,0
"2021-04-15",0.0111579125991046,0.0110331014011198,0.00469785661653077,0.00319948948684368,-0.0500104205746613
"2021-04-16",0.00261341833843076,0.00360232339051691,0.00341631753477767,0.00541563105684184,0.0190481949706945
"2021-04-19",-0.00575871660882843,-0.00532068989375745,-0.00632188407198608,-0.00270414940043318,0.0125001627642315
"2021-04-20",-0.0063206899186099,-0.00682556100507803,-0.0140503089003863,-0.0105684700376083,-0.0188093319574962
"2021-04-21",0.00946598818900757,0.0092630209198532,0.00821372556362121,0.00817621763711651,-0.00634922767865875
"2021-04-22",-0.00893762791709918,-0.00925333786055482,0.00583658333676507,0.00509640180092497,0
"2021-04-23",0.0111333035821692,0.0108694098955322,-0.00231557570202146,0.000635366408652915,0.00634922767865875
"2021-04-26",0.00229517355353437,0.00178068456458291,0.00298681451103278,0.00237833583219449,0
"2021-04-27",-0.00135558280534287,-0.000214918981445322,-0.00208985587500798,-0.00444428065910119,0.0311551677797954
"2021-04-28",-0.000417439667819153,-0.000845897587396394,0.000373533433960738,-0.000477292833960252,0
"2021-04-29",0.00499848855971763,0.0067400415367036,-0.00216825596314152,-0.00254998436681397,0.0121952730938182
"2021-04-30",-0.00792579667839011,-0.00722071341712116,0.00269099125690797,-0.00447775128206374,0
"2021-05-03",0.00250960906799236,0.00274432164951222,0.00178990375276022,0,-0.0121952730938182
"2021-05-04",-0.00660136502856812,-0.00670073748984734,-0.0118433426745597,-0.00691611346250709,-0.0123458358222992
"2021-05-05",-0.000420556185966703,0.00070321644711413,0.0140763399192432,0.0110747081804266,-0.0125001627642315
"2021-05-06",0.00723087758538377,0.00813229949863192,-0.0062649095602767,-0.000958212557410798,-0.00630916919326474
"2021-05-07",0.0073861323615807,0.00734629141918752,0.00708242370860646,0.0163223539350923,0.0125787822068602
"2021-05-10",-0.0108379297174288,-0.0104904805031385,-0.00126369217349787,0.00345223307361597,0.0185763855729353
"2021-05-11",-0.00746700531215527,-0.00871175014178149,-0.0195289826324858,-0.0224943110420519,0.00611622701743608
"2021-05-12",-0.0226334158124795,-0.0216827823583028,-0.00334297878362122,-0.0104680894901428,0.0300322870988751
"2021-05-13",0.0106329260264451,0.0120996445780932,0.000912904192507114,-0.00162015376920133,-0.0179109265665303
"2021-05-14",0.016319225640653,0.0148077785636236,0.00938398168199761,0.0143286806133074,-0.0182375875497809
"2021-05-17",-0.0027364204807423,-0.002533258183961,-0.00369762513610983,-0.00512818767517698,0.00611622701743608
"2021-05-18",-0.00857379586434082,-0.00855377238403321,-0.000378109201217391,0.00448838705152443,0
"2021-05-19",-0.00330093718092428,-0.0029477518113783,-0.0170096444595105,-0.0172624715888581,0.0240975515790605
"2021-05-20",0.0126122051591064,0.0104994293345086,0.0177657199494128,0.0172624715888581,-0.0302137785964966
"2021-05-21",-0.000632073390287147,-0.000784188075252601,0.0049002614212057,0.00399071311730537,0
"2021-05-24",0.0103789317485683,0.00986249748121537,0.00472675873863793,0.00714368040240054,-0.0123458358222992
"2021-05-25",-0.00198359033555473,-0.00212754540082827,-0.00420052236789825,-0.000949503986739764,-0.031548357734926
"2021-05-26",0.00250489428313649,0.00187505755061146,0.00307706856271572,0.00174004756084734,0.0127390257774297
"2021-05-27",0.00020856433833405,0.00116463608986273,0.0039636502089655,-0.000474329082431169,0.0188093319574962
"2021-05-28",0.0023941408294812,0.000768586452887021,0.00357630378164231,0.00441789363459444,-0.0188093319574962
"2021-05-31",0,0,-0.00724019715494784,0,0
"2021-06-01",-0.00156074222596825,-0.000492454758630245,0.00306659729646519,0.000157243714568045,0.0250013022054173
"2021-06-02",0.00259999817845902,0.00144588903690135,0.00447099192740907,0.000157412915508415,-0.0186921330121526
"2021-06-03",-0.00458057195949024,-0.00363530305604876,0.00133734086860038,-0.00267913607333892,0.0248459985865307
"2021-06-04",0.00924356744272004,0.00879530338301571,0.00348368765091411,0.00566502531062851,-0.0438941935572252
"2021-06-07",0.000206671221464561,-0.000797056269421503,-0.00155497426959705,0.002976807467995,0.00638979809877099
"2021-06-08",0.000620009878759653,0.00017500954944083,0.000814849544057417,-0.000625797895037028,-0.0258078839558726
"2021-06-09",-0.00186118406609204,-0.00182553259061535,0.00192332139662543,0.0029698275551584,-0.0198026272961797
"2021-06-10",0.00546339355433378,0.00464145477646305,0.00258335828020062,-0.000156110643719565,-0.0339015516756814
"2021-06-11",0.00226761985297763,0.00194653893280794,0.00646578030600775,0,0.0136988443581619
"2021-06-14",0.0025705916895209,0.00181355638513736,-0.00102586215652334,0.00124807523464154,0.0268472500361881
"2021-06-15",-0.00267362987763864,-0.00201371995427735,0.0013188362772274,0.00171342015545584,0
"2021-06-16",-0.00526503968010772,-0.00540470374702551,0.00248626334940649,0.000467002260189808,0.0389659685333837
"2021-06-17",0.000310545980828358,-0.000435810543672588,0.00952213327910467,-0.00801587095591749,-0.0323652845020317
"2021-06-18",-0.0136480326023838,-0.0132113556872842,-0.00886505779606228,-0.0144527023738033,-0.047146778425702
"2021-06-21",0.0135443878849504,0.0139051635123195,0.00458770072301906,0.0103447122512017,0.0339015516756814
"2021-06-22",0.00536697029583522,0.00511140637899032,0.00550642258814715,0.00536874794276843,-0.0134230203321407
"2021-06-23",0,-0.00108387051864867,-0.00369173765573727,0.000472197864691992,0.0134230203321407
"2021-06-24",0.00574775605901312,0.00579442954591691,0.00672192124469628,0.0054941828466073,-0.0066889881507966
"2021-06-25",0.0032696361916873,0.00332506316468617,0.00201496013603286,0.00359401262844994,0.03300629646817
"2021-06-28",0.00305569802166872,0.00231228886047319,-0.000143822502874258,0.000623792926333078,-0.03300629646817
"2021-06-29",0.00101624699219371,0.000277297742686144,0.00430471935045063,0.00264651748366429,0
"2021-06-30",0.000406523272496351,0.0013272784229077,0.00100189381144578,-0.00561270223082166,-0.0272125635248848
"2021-07-01",0.00496385602703509,0.00520804143225462,0.00271401936628024,0.00499062206292455,0.0204785313435407
"2021-07-02",0.00724918129852359,0.00747209589469122,0.00576081805997486,0.00388154059102108,-0.0273989741881144
"2021-07-05",0,0,0.00262056438631486,0.0040212665768613,0
"2021-07-06",-0.00190806050887193,-0.00202390277002173,-0.00311705005842011,-0.00868082477158261,-0.0498323737478756
"2021-07-07",0.00391244434853455,0.00335334655366282,0.00678825593201537,0.00512428414056743,-0.0296317976063711
"2021-07-08",-0.00834473317322626,-0.00859788100955505,-0.0137658256838149,-0.0107451281767097,-0.0228146777661714
"2021-07-09",0.0102455125090515,0.0112148259024138,0.0108723665621655,0.0118290498681262,0.0524464753725425
"2021-07-12",0.00329200728922618,0.0034452326955936,0.0040908634060246,0.00770652573172903,0.00727275932907961
"2021-07-13",-0.00339218046551526,-0.00352301118116571,0.00526520196625135,0.000153651766573226,0.0285733724440561
"2021-07-14",0.000699297975396362,0.00116425656546859,-0.00392881671201195,-0.00307520257009619,-0.0358461317731357
"2021-07-15",-0.0031007731433137,-0.00326757356274499,-0.00337977887478402,-0.00509453794016768,-0.0447836026269734
"2021-07-16",-0.00713807958008505,-0.00756741500681279,-0.00339124052882944,-0.00372161556048045,0
"2021-07-19",-0.0150456176305358,-0.0159967813999842,-0.0196540179528135,-0.0177105659992156,-0.0960738300896222
"2021-07-20",0.0151466689867981,0.0150488060047991,0.0126942874850249,0.00928629420278559,0.0330608622608881
"2021-07-21",0.00773784433514102,0.00820804166214373,0.0076671294771673,0.0110617564758848,0.0553500950831649
"2021-07-22",0.00230008725609654,0.00201463920924283,0.00479758183377044,0.00154828148223762,-0.0233473639969911
"2021-07-23",0.0112232800016105,0.0100943323862559,0.0108502903081504,0.00831920893509785,0.0233473639969911
"2021-07-26",0.00197317393108332,0.00237936692272811,-0.00153289616243946,0.000613555895076168,-0.00772204609391031
"2021-07-27",-0.00543592655776592,-0.0047235833821766,-0.00973976343959837,-0.00553509874176683,-0.031498667059371
"2021-07-28",-0.00039648931938796,-0.000186279231552788,0.00715634165074874,0.00261764801240494,0.00796816964917688
"2021-07-29",0.004056742656255,0.0041973318452726,0.000489305099484305,0.0108588005479384,0.0157483569681392
"2021-07-30",-0.00604155074363266,-0.00542071360826135,-0.0034999335591559,-0.00426821097778607,-0.0317486983145803
"2021-08-02",-0.00129248342007848,-0.00184450567006067,0.00259109442863625,0.00685092621525873,-0.0327898228229909
"2021-08-03",0.00753157607092803,0.00816996133891834,-0.00182005307234512,-0.0034958128232474,-0.00836824967051661
"2021-08-04",-0.00385779524408392,-0.0046431506612965,0.00468350908553195,0.00379908510496119,0
"2021-08-05",0.00622437928442654,0.00598748599042054,0.00396734337749738,0.0040870504238999,0.0330608622608881
"2021-08-06",0.000787591728804493,0.00167386454852902,0.00616323650429873,-0.00257138657960443,0.0630129678287341
"2021-08-09",-0.00039371832681212,-0.000940350264956535,0.00110390132636606,0.00015149578298157,0.0151518050206023
"2021-08-10",0,0.000992186953864049,0.00323592307223208,0.000302799056734582,0.0223057575142983
"2021-08-11",0.00235990831411925,0.0012749307180151,0.00116785074932491,0.00377739554514589,-0.00738010729762256
"2021-08-12",0.0027466170603061,0.00413780773547856,0.00144082024050718,0.000904241508180359,0.00738010729762256
"2021-08-13",0.0018595114348452,0.00160601632092394,-0.000754436509987855,0.00600887811563666,-0.05284248137438
"2021-08-16",0.00214837374323817,0.00261742226199324,-0.00343642949858136,-0.00540625833195163,-0.0235304974101941
"2021-08-17",-0.00685232499591848,-0.00708574350713675,0.00336785420164798,-0.0058899466655209,0
"2021-08-18",-0.0111624630069471,-0.0108066528452557,-0.000137269416259578,0.00272278156839789,0.00790517950711328
"2021-08-19",0.00158800413247384,0.00125590325615832,-0.010624512340109,-0.00895247087970663,-0.0239055208535544
"2021-08-20",0.00849322332171454,0.00810860389074186,0.00594705197953171,0.0069867442923992,0.0160003413464412
"2021-08-23",0.00920106071639015,0.00848766798441147,0.00769241696840162,0.0130817691655758,-0.00796816964917688
"2021-08-24",0.00194690504720096,0.00149461880196178,0.000410408088336922,0.000448242449621716,0.031498667059371
"2021-08-25",0.00262226847723301,0.00221765740325175,0.00150345971018151,0.00119372260755712,0.0454623740767574
"2021-08-26",-0.00603156640210756,-0.00584194982760344,-0.00376289602359048,-0.00328650834953947,-0.00743497848751812
"2021-08-27",0.00874370654840284,0.0087690715404527,0.00280641998550557,0.00522353194045744,-0.0226424767497598
"2021-08-30",0.00463222631974425,0.004297324106874,0.00470526573923369,0,-0.0153849188394795
"2021-08-31",-0.00134857026891932,-0.00135002691589214,-0.00156603256739274,0.00326941388648105,0.00772204609391031
"2021-09-01",0.000578203755141615,0.000311640060951746,-0.000477028914533051,0.00237105966788453,0.00766287274556915
"2021-09-02",0.00327078611517262,0.00283860575440542,0.00183895344889162,0.00560877684859395,-0.0153849188394795
"2021-09-03",0,-0.000335087261181144,-0.00129372185885313,0.00103014471157703,0.0305367238600817
"2021-09-06",0,0,0.00618095642632976,0.00630265621221548,0
"2021-09-07",-0.00394571602677463,-0.00340135245232176,-0.00488723456747664,-0.0095431795598544,0.0369045569354507
"2021-09-08",-0.00183353476383008,-0.00131943681381586,-0.0038179267553371,-0.00473124581364281,-0.0219789067187751
"2021-09-09",-0.00358063411713783,-0.0046162471500022,0.00184259293795463,0.00162883515825252,-0.0377403279828471
"2021-09-10",-0.00807912163695423,-0.00775255228627714,-0.00512663899680899,-0.00296376474046189,0.0377403279828471
"2021-09-13",0.00156265407515477,0.00227390034637054,-0.00102844738215069,0.00123405724835335,-0.0149256502166757
"2021-09-14",-0.00469498847257555,-0.00576321396625801,-0.00130429012776023,-0.00197638812243728,-0.0383188643021367
"2021-09-15",0.00849326034556253,0.00843829422207953,-0.00261369489468422,-0.00163507023272569,0.0231670592815344
"2021-09-16",-0.00155640898593301,-0.00155234471276522,0.00494643240459514,-0.00176728643703239,0.0226424767497598
"2021-09-17",-0.00929235825719488,-0.00915263027579805,-0.00356999065566832,-0.00569291544074346,0.0221411258772136
"2021-09-20",-0.0175470180685338,-0.0171230777263816,-0.0176233891228046,-0.0171227850635378,-0.0447836026269734
"2021-09-21",-0.000600370300549713,-0.00081268865854689,0.00753142904173298,0.00305177333656204,0.0151518050206023
"2021-09-22",0.0101554234279195,0.0094745852242184,0.0048513293831336,0.00804342376652256,-0.00754720563538291
"2021-09-23",0.0118169802858574,0.0120616803699374,0.00839936931652119,0.00917777946138321,0.0659579677917973
"2021-09-24",0.00116803331298154,0.00145994281136375,-0.000960281223180814,-0.00600894111084882,0.041672696400568
"2021-09-27",-0.00294690221003169,-0.0027802439201885,0.00102880010698581,-0.000451760954165437,0.00677968698537879
"2021-09-28",-0.0216795134118977,-0.0205743177398929,-0.0190323755408439,-0.021021699877843,0.0397403286495142
"2021-09-29",0.000401831435372202,0.00156795433628432,0.00800316848846983,0,0.00647251450561748
"2021-09-30",-0.0106076130753818,-0.0119812029450159,-0.00187327399602033,-0.00339231495171877,-0.0195445960729703
"2021-10-01",0.0110096898209928,0.0114259521133349,-0.00661905874637725,-0.00790875444506822,-0.0266682470821614
"2021-10-04",-0.0135520151864004,-0.0130709520486434,-0.011318624679217,-0.00546406773418084,0.00673403218134411
"2021-10-05",0.0104331931464188,0.0104695174986009,0.0169649925314808,0.0130638985816178,0.03300629646817
"2021-10-06",0.00462456248639143,0.00409439934962386,-0.00669556645786251,-0.0138469499947775,-0.00651468102119374
"2021-10-07",0.0083899386587678,0.00826403922506636,0.0216670294690928,0.024299236747829,0.0321571116345314
"2021-10-08",-0.00229032976463461,-0.00191555660242138,-0.0043922889478134,-0.00352320291886787,0.0188093319574962
"2021-10-11",-0.00640057565769236,-0.00688944164433991,0.00212990951036574,0.00199280287104919,0
"2021-10-12",-0.00160685042846165,-0.00241970568655425,-0.00654157580256509,-0.00568240543506215,-0.0125001627642315
"2021-10-13",0.00481217818484225,0.00301795587023079,-0.00269793245053407,0.00169263253173169,-0.0190481949706945
"2021-10-14",0.0175470511593891,0.0169191622857117,0.0162839500989627,0.0173760095426845,-0.0259754864032607
"2021-10-15",0.00646475502875354,0.00743252063718991,0.00767175015532207,0.00932491851321782,0.0450236813739552
"2021-10-18",0.0038978088653403,0.00336908780180423,0.000202865794757479,0.000747883212628864,0
"2021-10-19",0.00717132468395576,0.00736614278423531,0.0049912789613229,0.00730324420649131,0.0370412716803489
"2021-10-20",0.00347012249159917,0.0036573335985608,0.0034254290102389,0.00311351791516756,0
"2021-10-21",0.00240295798783574,0.00299139316835983,-0.00181204893338016,0.00162721615966133,0.0180185055026784
"2021-10-22",-0.00153699421026321,-0.00107312922466285,0.00248237607074753,0.00736279606349743,-0.0119761910467157
"2021-10-25",0.0047957006648458,0.00473695944085328,0.00534609530596164,0.00716320167996232,-0.0121213605323449
"2021-10-26",0.00133869434942557,0.00181814143224379,0.00756925095051741,0.00942374854151629,-0.00611622701743608
"2021-10-27",-0.00459740080400817,-0.0050643703711053,-0.00450804722809028,-0.000433009288939079,-0.0567975983931331
"2021-10-28",0.00955396383050644,0.00978128842418435,-0.00319443716816536,0.00561443154540653,0.0192932029346789
"2021-10-29",0.0021844533538129,0.00194743723171698,0.00975100541036866,0.00071742265199326,-0.0128206884290614
"2021-11-01",0.00217999855948747,0.00179845894590258,0.00171477750847338,0.00885463133967423,0.0191699161077202
"2021-11-02",0.00293027447427807,0.00367360712038867,0.0036178499993138,0.00340679371503549,-0.0127390257774297
"2021-11-03",0.00649195086052767,0.00644049461288887,-0.000262730138381073,0.000424918864788904,0.0253178079842899
"2021-11-04",0.00449165057158663,0.0041732223428177,0.0102585586702251,0.0135062417153384,-0.0447358938413915
"2021-11-05",0.00214508117694656,0.00372585004528503,0.00544569474082301,0.00404426768343891,-0.0537041789718611
"2021-11-08",0.00121037213245767,0.000887394060701041,-0.00258946149304329,-0.00153208038333519,0.04054609439435
"2021-11-09",-0.00288887443998487,-0.00350491092639871,-0.00337643503191742,-0.00713441499173095,-0.0336732151065879
"2021-11-10",-0.00871635093747347,-0.00825984216386111,0.00350599825370868,-0.00323408441629347,0.0662493855412007
"2021-11-11",-0.000565083275605893,0.000550788332988716,0.0011660056883489,-0.00607484847220663,0
"2021-11-12",0.00853448587717409,0.00719669756412955,0.00606689886301659,0.00410100214844267,0.0127390257774297
"2021-11-15",-0.000186578473901022,-1.07398780162526e-05,0.00462221533574514,-0.00211916775148024,0.0311551677797954
"2021-11-16",0.00484540768535346,0.00385777905712636,0.00835542398339584,0.00550017887084442,0
"2021-11-17",-0.00335209218153398,-0.00260501548289582,-0.000381154678382956,-0.00197083829901112,-0.0185763855729353
"2021-11-18",0.0030732489575227,0.00337906474017124,-0.00369216675341111,0.00197083829901112,-0.00626961301359541
"2021-11-19",-0.00176829268648682,-0.00139964460498732,0.00362856220612962,0.00182691962069326,-0.0319515998066024
"2021-11-22",-0.0048554369902094,-0.00320225831696064,0.00563952588612437,0.0062975686565987,0.0567975983931331
"2021-11-23",0.000467757779110123,0.00165576138319423,-0.0134861786881597,-0.0178760600226342,0.0242436116099928
"2021-11-24",0.00289623706269371,0.00229122377666791,0.00886287178571443,0.000567728088082919,-0.0181273845925568
"2021-11-25",0,0,0.00253594193674367,0.00396648009365563,0
"2021-11-26",-0.0229289104961143,-0.0229870111593211,-0.0351184386195218,-0.0253433717245968,-0.102654154060083
"2021-11-29",0.0128973246715169,0.0131138360828231,0.0123837152641579,0.00823174107862767,0.0266682470821614
"2021-11-30",-0.0194089838102025,-0.019143381187849,-0.0112694479530759,-0.00939254808327794,-0.0610358905863692
"2021-12-01",-0.013443457476348,-0.0118855414579571,0.00854519282624988,0.0165578567324851,0
"2021-12-02",0.0158425732018115,0.0140946383960578,-0.0176265242053626,-0.0151068220897219,0.00696866931609336
"2021-12-03",-0.010404743395946,-0.00848445514173868,-0.00297922648089965,-0.00873605237381092,-0.0645385211375711
"2021-12-06",0.0113627493772031,0.0116625993096857,0.011536433793589,0.00699484203425538,0.0575698518214777
"2021-12-07",0.0216895089376781,0.0204956031862533,0.026390423304707,0.0246711719473787,0.0343676435042078
"2021-12-08",0.00374069985895176,0.0030805355865855,-0.00801157977806088,-0.000708460798978461,0.0266682470821614
"2021-12-09",-0.00834220159673205,-0.00720698823252341,0.00372536785388622,-0.00241331566998548,-0.0199342149008173
"2021-12-10",0.00740811066836233,0.0095037691182096,-0.00604466167291218,-0.00213401141103065,-0.00673403218134411
"2021-12-13",-0.00866730424318707,-0.00917815834279345,-0.00141990575382955,-0.00657320945075979,-0.0413852161628543
"2021-12-14",-0.0084474213131065,-0.00749872285462416,-0.00986639329966454,-0.01037658996015,0.0139862419747399
"2021-12-15",0.0163558151250713,0.0162162673518917,0.00156426988773362,0.00188153401369462,0.0206192872027356
"2021-12-16",-0.00998988006848656,-0.0087818633111123,0.0139699835671117,0.0163311557808541,-0.0206192872027356
"2021-12-17",-0.00922970560869363,-0.0103409645840546,-0.00851393208947204,-0.0100386801255987,-0.0210534091978324
"2021-12-20",-0.0112475446376026,-0.0114533983232565,-0.02226977773695,-0.0228891407740557,0.014084739881739
"2021-12-21",0.0177267736924236,0.0176217553851963,0.0166835301161523,0.0115828411986354,0.0343676435042078
"2021-12-22",0.0096408418858589,0.0101287280291267,0.00946516923854279,0.0193454986050083,-0.0136056520557786
"2021-12-23",0.00618907474960473,0.00620441268525163,0.0118026487394145,0.00939230475737407,0.0270286723879193
"2021-12-24",0,0,0.000254994168183309,0.000990951823237385,0
"2021-12-27",0.0138331488719405,0.0137440515736067,0.00584795825462159,0,-0.0134230203321407
"2021-12-28",-0.00119935606259958,-0.00101066539888706,0.0058139583724337,0,0.00673403218134411
"2021-12-29",0.000830413597541657,0.00140091340185755,-0.00543376978967824,0.0134927659751738,0.0394788109737875
"2021-12-30",-0.0017540209184892,-0.00299423384190511,0.00524472369302309,0.00209204089759085,-0.0195445960729703
"2021-12-31",-0.00305376122332479,-0.00262963437347352,-0.00448468328394203,-0.00530791393089158,0
"2022-01-03",0.00499230761846992,0.00635382417038777,0.00202372988288335,0,0.0698696799604859
"2022-01-04",-0.00175369700286154,-0.000629820252203928,0.00447573290607028,0.00447187192428,0.0182375875497809
"2022-01-05",-0.0212873565706895,-0.0195832643045009,-0.00296054643656962,-0.00111615130647058,0.0296757681461166
"2022-01-06",-0.000660668993282876,-0.000964233740180731,-0.0149996491586322,-0.0200203193657793,0.0116280379951191
"2022-01-07",-0.00454296263216314,-0.00405844108233566,-0.0077786815771459,-0.00442465616376886,0.0171924005403729
"2022-01-10",-0.00085405523172355,-0.00144207053753931,-0.012860632823454,-0.0146975222412391,0.0112995552539333
"2022-01-11",0.00935503199158028,0.00911828645239865,0.011892149154634,0.0114020490838875,-0.0169975763685711
"2022-01-12",0.00234852103058447,0.00281379201466692,0.00521890008390979,0.0107060909450731,-0.00573067470898503
"2022-01-13",-0.0155085288366701,-0.0143460292343995,-0.00334731099517427,0.000425707257436958,-0.0232568621642673
"2022-01-14",-0.000857968281477106,0.000819644269590469,-0.013632974273893,-0.0206487042115677,0.0459851132418234
"2022-01-17",0,0,0.00820206710083049,0.00793708979472951,0
"2022-01-18",-0.0181920054042592,-0.0185591053980083,-0.0111478500632201,-0.0154996719919045,0.0493250665625016
"2022-01-19",-0.0109387699527579,-0.00973679094146007,-0.00413854839560734,-0.00512222467768764,-0.0216224640131658
"2022-01-20",-0.0101662136597254,-0.0110987423043323,0.00812952909892672,0.00628950998076983,0
"2022-01-21",-0.0203446681368495,-0.0190959953246352,-0.0233858811198386,-0.0207744137994772,-0.0447001789179069
"2022-01-24",0.00444506949574119,0.00276790475827049,-0.0416968771060819,-0.0436669878340319,0
"2022-01-25",-0.0131900594980685,-0.0122465905568667,0.0110191790876568,0.00743718602359245,0.0169975763685711
"2022-01-26",-0.00450413888126722,-0.00149775692588605,0.020263366238316,0.0171415752508173,0.0385722747862397
"2022-01-27",-0.00452451797319853,-0.00539863519997041,0.00532154794060791,-0.0159072370313087,-0.0218587938124991
"2022-01-28",0.0244337010879923,0.0240559679147356,-0.0132551252780937,-0.0100721200713396,-0.0167134809737406
"2022-01-31",0.019717691966882,0.0187098262229846,0.0208846586426397,0.0197383448908974,0.00560225554866989
"2022-02-01",0.00707489484801815,0.00683956034831823,0.00843151228104144,0.0131970736482714,0.0111112254250707
"2022-02-02",0.00644180446470077,0.00937840044832328,0.00224533935708315,0.00705761842668595,-0.0167134809737406
"2022-02-03",-0.0247217045013377,-0.0246934717201199,-0.0179033922740439,-0.00254690182264472,0.0222231367847102
"2022-02-04",0.00566771635273078,0.00514367843986285,-0.0104635445459786,-0.0155724047105354,0.0586835018280901
"2022-02-07",-0.00258133819222195,-0.00370858092782811,0.00595404238408204,0.00758949071583093,-0.00519481687710399
"2022-02-08",0.00831590667144955,0.00836611346663396,0.00497942103705906,0.00407483169859635,0.0206192872027356
"2022-02-09",0.014874625907912,0.0144128420792651,0.0137326178762223,0.0158376031928285,-0.010256500167189
"2022-02-10",-0.0178366374373988,-0.0182818244850562,-0.00617629520815477,-0.000296386624032863,0.0453478199784592
"2022-02-11",-0.0202773611900637,-0.0191516826380855,-0.00621478130761677,-0.018255659443184,-0.0557106070140058
"2022-02-14",-0.00363906764128608,-0.00384799075562903,-0.0102412229985198,-0.0190571104755897,0.0307716586667537
"2022-02-15",0.0167714059347723,0.0156437176460642,0.00822828669898534,0.0155777446197791,0.0347429484438729
"2022-02-16",0,0.000880819720283199,-0.00417319295327268,-0.00288344475361324,-0.00980400009662086
"2022-02-17",-0.0228665963761916,-0.0214005041369365,-0.00419057814994428,-0.00502788212512639,-0.0300022503037988
"2022-02-18",-0.00695308355613999,-0.0071919616638656,-0.011992474615834,-0.0133776809380914,-0.025708356710207
"2022-02-21",0,0,-0.011444479459124,-0.0107385313488861,0
"2022-02-22",-0.0111435905270172,-0.0101947354350163,0.00249308028401085,-0.000312916120753126,0.0103627870355466
"2022-02-23",-0.0185350897540086,-0.0185837357487877,-0.00568779597215219,-0.00848794934262997,0.0254466656611643
"2022-02-24",0.0174972415653674,0.0148461052527242,-0.0135865047443264,-0.0276883978114506,-0.0151901654939752
"2022-02-25",0.0211701915572773,0.0221260805512653,0.0313739569109002,0.037584080220914,0.00508906950747134
"2022-02-28",-0.00183189932666039,-0.00244559146312717,0.00511196300296657,0.0074742447412528,-0.0737175758965676
"2022-03-01",-0.0147786100167195,-0.0155944677866113,-0.00613745721043468,-0.0165810281053154,-0.0619916760279678
"2022-03-02",0.0175251610805827,0.0184710467806504,0.0109528669382373,0.00628952374793235,0.0782521968997483
"2022-03-03",-0.00550116135093148,-0.00526852074424511,-0.00271009081459361,-0.005658762655528,0
"2022-03-04",-0.00975188986439157,-0.00796568454300228,-0.00913245887052305,-0.0195789132015152,-0.0666913744986724
"2022-03-07",-0.0298406183953928,-0.0299625868144151,-0.00432265864975712,-0.00709786800819678,0.0227282510775562
"2022-03-08",-0.00789616969906515,-0.00726004397569824,-0.0223196577885405,-0.0224285984723855,0.0439631234211162
"2022-03-09",0.0272630113937797,0.0253735981221404,0.0148657853531233,0.0357760274733252,0.0421114853501268
"2022-03-10",-0.006169359471353,-0.00430104992024738,-0.00660306278904876,-0.0201701277875399,0.0204088716312071
"2022-03-11",-0.0141544291328666,-0.0130462789332384,0.010405921601726,0.00779360934617301,0.0100503358535015
"2022-03-14",-0.00929855621675024,-0.00744867509553337,-0.0110337081702347,-0.00340218729911657,0.0676586484738149
"2022-03-15",0.0218783852894342,0.0211826297241462,0.0089612529001748,0.00856436368691149,0.00466201310581127
"2022-03-16",0.0242852450880573,0.0221369216483929,0.0198568238455596,0.0255752561892317,0.018433701688838
"2022-03-17",0.0130388078458585,0.012272205068701,0.00365428638636889,0.011350569285498,0.0045558165358609
"2022-03-18",0.0119712657392057,0.0115948144118878,0.0153504276537344,0.0112786794693851,-0.0276515313305101
"2022-03-21",-0.000599938521874677,-0.000434754854302,0.00722453076262752,0.00383344235349936,0.0807613566444584
"2022-03-22",0.0123309572069976,0.0112406995540741,0.0105112391420317,0.0070154130339275,0.0255333020051648
"2022-03-23",-0.0127314395689444,-0.0123486302524949,-0.00215892153991692,-0.00441713254161247,-0.0255333020051648
"2022-03-24",0.0147732241430321,0.0142420122816187,-0.000589579337538559,0.000305193017458905,0.00858374369139148
"2022-03-25",0.00385145766800488,0.00505338070423633,0.00542423037338224,0.00182982226581752,0.0581076308072808
"2022-03-28",0.00736594753476805,0.00711955102004325,0.00312365056513464,0.00380068153930679,-0.00809721023261933
"2022-03-29",0.0138948744837659,0.012182044101392,0.00725059891859203,0.0195348539026514,-0.0205346024417078
"2022-03-30",-0.00697179106816126,-0.00631358899908996,-0.00446070140237964,-0.00163817973981173,-0.0252114193464961
"2022-03-31",-0.0152750630372127,-0.0157763352268816,-0.000907495963589078,-0.0043318337042284,-0.012848142477849
"2022-04-01",0.00226682606708728,0.00340442096146276,-0.00318268742268923,-0.0105344898744151,0.0297261802652008
"2022-04-04",0.00979644724396955,0.00805838253213409,0.0106129212122266,0.0078362631062574,0.0124741742251757
"2022-04-05",-0.0136430451886511,-0.0126311590740062,0.00359826604921221,-0.00330788613992583,0.0483965408618502
"2022-04-06",-0.0124299367757308,-0.00976443391247805,-0.0194948681604048,-0.0217714773497533,0.0271861403041568
"2022-04-07",0.00489098780629593,0.00424436555203656,-0.00261947696920029,-0.00262002929619065,0.0189759014590057
"2022-04-08",-0.00319161806290502,-0.00265454667555254,0.013741225014722,0.0086046025896902,0.0223057575142982
"2022-04-11",-0.0173302810782969,-0.0170213345846957,-0.0149879194639677,-0.0154179226320568,0.0254097155253683
"2022-04-12",-0.00448209834461366,-0.00342330053045359,0.00530399421762695,0.000931835684421234,-0.0254097155253683
"2022-04-13",0.0122778142660955,0.0111126032689022,-0.00445080379466578,-0.00388823229700064,-0.00738010729762251
"2022-04-14",-0.0134013408861806,-0.0122184803835079,0.00601701069606886,0.000778793735232597,0.0470249386448629
"2022-04-15",0,0,0,0,0
"2022-04-18",-0.000613432512224676,-0.000204889272406916,0,0,0.00704228262541284
"2022-04-19",0.0173368291123248,0.0159300447493873,0.000847351396481955,-0.00124644976834087,0.0276834287484169
"2022-04-20",-0.00120655230903122,-0.000618666406182911,0.00175745538267602,0.00961988894153398,-0.0276834287484169
"2022-04-21",-0.0163347556311866,-0.0148628555513106,0,0.00369900897712538,0.017391742711869
"2022-04-22",-0.0273763322915839,-0.0281320763773678,-0.0238912915483001,-0.0283992658342735,0
"2022-04-25",0.00607902915403713,0.00568176514411256,-0.0182837730459031,-0.0246768263985533,-0.0315262536467737
"2022-04-26",-0.0293716508634478,-0.0285500089285975,0.00142352636279686,-0.0070004406609725,-0.0143371631464073
"2022-04-27",0.002149665894283,0.00209584902496474,0.00896928740581782,-0.00245365728662827,0.0178895647507751
"2022-04-28",0.0257578445894735,0.0244456553408323,0.00542331737867929,-0.00328069207941772,0.0105821093305369
"2022-04-29",-0.0378569111922911,-0.0369591597846952,0.00240096569125736,0.00915917533125721,0.0139375078437816
"2022-05-02",0.00703963729472346,0.00565919929381842,-0.0217509385525938,0,0.0340168852782543
"2022-05-03",0.00484473969797072,0.00482546507535986,0.0142623027572961,-0.0078456598893164,-0.00671143458798684
"2022-05-04",0.0291072491782236,0.029425221557327,-0.013105655778813,-0.0100600621696523,-0.0135595297856321
"2022-05-05",-0.0381699263640032,-0.0363006775640997,0.00237719473555931,-0.0038198757581398,0.0401391675903442
"2022-05-06",-0.00717860639684709,-0.00569038441395264,-0.0137293217801986,-0.00600784712649927,0.0226914112020709
"2022-05-09",-0.0338603734212244,-0.0325615195396036,-0.026552991689309,-0.034398313313476,-0.0226914112020709
"2022-05-10",0.00236877820012538,0.00245488176040887,-0.00658987451763959,-0.00573350055479249,-0.0198682032167252
"2022-05-11",-0.0177298869488869,-0.0166002320956977,0.012996342793647,0.0105728494240558,-0.0271203062191938
"2022-05-12",0.000573209066087266,-0.00129680499411222,-0.00916469626257932,-0.0205545865586123,-0.0243490290102866
"2022-05-13",0.0254580709948877,0.0235892679568686,0.023655696790672,0.0212439444345758,0.0311983708558614
"2022-05-16",-0.00526440441557785,-0.00395420851772244,-0.00297861849380698,-0.0069156902851848,-0.0172121288811216
"2022-05-17",0.0215539354250049,0.0199689195814621,0.00415373471011371,0.0153228653569986,0.0341330063694585
"2022-05-18",-0.0420912296724998,-0.0412338092912474,-0.0141934702952788,-0.0172328675999662,-0.0306667983929723
"2022-05-19",-0.00620984630031263,-0.00585086477734897,-0.0187437613616002,-0.0106599002655097,-0.0174524499512261
"2022-05-20",0.00230412957505344,0.000146131091991464,-0.00321805942383602,-0.00970963656848567,-0.0213531244705691
"2022-05-23",0.0175684654028014,0.0183849954120596,0.0117492997214814,0.0233200273059999,0.0283706971292157
"2022-05-24",-0.00931619864452671,-0.00815395090355686,-0.0234934089402588,-0.0132590768802667,-0.0355909451027028
"2022-05-25",0.00931619864452671,0.0094063856489317,0.0183833818385075,0.0136055721911879,-0.00362976805057857
"2022-05-26",0.0207047520654404,0.0196881660077199,0.0147618007773298,0.0190482360558439,0
"2022-05-27",0.0250491382354152,0.0244411301958216,0.0192346243525572,0.0163536012070158,-0.00364299127850098
"2022-05-30",0,0,0.00610238397375529,0.014773399408093,0
"2022-05-31",-0.00704633083639727,-0.00629413519366651,-0.00899513469234314,-0.0177879495529443,0.0393610738805803
"2022-06-01",-0.00775429145391104,-0.00751090504115481,-0.00103511894786834,-0.0104535274006605,0.0310905870700311
"2022-06-02",0.0204020861275849,0.018263225415545,0.00213813618917946,0,-0.0068259650703999
"2022-06-03",-0.0171182033160981,-0.0164824056098176,-0.00386578940793214,0,0.0136056520557786
"2022-06-06",0.00261913581094664,0.00313248940703659,0.00963659651924775,0.00927881941155362,0.0266682470821613
"2022-06-07",0.0105167265905965,0.00947833153171906,-0.00384350212562623,-0.00370113427318697,-0.0199342149008173
"2022-06-08",-0.0105167265905965,-0.0108526230401544,0.00185499879302675,0.00487584226229387,0.0166393190039646
"2022-06-09",-0.0249494335450349,-0.024086457665156,-0.00944798635928112,-0.0133390510621645,0.00329489589685261
"2022-06-10",-0.0303830942505696,-0.0295424148114094,-0.0307479129087609,-0.0425374803136696,0.0355449374194114
"2022-06-13",-0.0394750752002189,-0.0395399319900402,-0.0245211335471209,-0.032630069084868,0.0851578083403068
"2022-06-14",-0.0042155239831434,-0.00378081803948938,-0.00757105158724336,-0.0110559591048593,0.0173414750364873
"2022-06-15",0.0154503779726349,0.0144870588365347,0.00749786124768725,0.00867070858352204,-0.0469294322219833
"2022-06-16",-0.0347050924089682,-0.0330522071138404,-0.0310142586931308,-0.0187217250971372,-0.0151288815963002
"2022-06-17",0.00147536918384539,0.00219844734101216,0.00158502093122959,-0.000943884568920472,-0.00918842605440617
"2022-06-20",0,0,0.00496543053912823,0.00846275733959523,0
"2022-06-21",0.0249954307393674,0.0241824749606732,0.0111199732551803,0.014316468347902,0.0182931930473254
"2022-06-22",-0.000959212017106026,-0.00130242009535841,-0.00163411766828059,0.00184442242982663,-0.0463761617901508
"2022-06-23",0.010737424669796,0.00948707248555714,0.00230182059359851,-0.00221370064067217,-0.0224009366891667
"2022-06-24",0.0307321595523948,0.0301055397299006,0.0231665193454313,0.0251655031969091,0.0128619136424077
"2022-06-27",-0.00311205858693686,-0.00297749989034024,0.00332796900277721,0.0103905461825713,0.0221178052536191
"2022-06-28",-0.021114844757931,-0.0203486731494955,-0.000505668218460542,-0.0111111409355156,0
"2022-06-29",-0.00094342781517387,-0.000711998820172255,-0.00885540506193827,-0.0145219513656394,-0.0317486983145803
"2022-06-30",-0.00996220792894587,-0.00879786624636836,-0.00989132215491662,-0.00752504561636935,-0.0394788109737876
"2022-07-01",0.0119661182287301,0.0104985112966407,0.00440825121202426,-0.00202863325111058,-0.0341330063694585
"2022-07-04",0,0,0.00635754349621376,0.0069905001050079,0
"2022-07-05",0.00188285470180105,0.00158287510619282,-0.00335637998294835,-0.0198099541864301,-0.0210534091978323
"2022-07-06",0.00422287172939484,0.00356679570506557,0.021546604764529,0.0166887013801507,0.0382655380789538
"2022-07-07",0.0152177117198988,0.0148537231809307,0.0199007843993764,0.0165955996769478,0.0269376557318082
"2022-07-08",-0.00103818972820857,-0.000830616396127581,0.00691806308917275,0.00738794542795662,0.0262310121488698
"2022-07-11",-0.0113743360955025,-0.0115944176605254,-0.00663766424485512,-0.0150131490385232,-0.032897703507059
"2022-07-12",-0.0102070737128361,-0.00928686849749383,0.00238070128831769,0.000364213593238238,-0.0100841190666261
"2022-07-13",-0.00472813222691126,-0.00446686411181574,-0.0154342707628174,-0.0120968398198718,-0.0170361871525677
"2022-07-14",-0.00379876323014727,-0.00300313881276537,-0.00863093710844609,-0.0154234854863782,0.0170361871525677
"2022-07-15",0.0194342250179984,0.0190192316586337,0.0181029548148199,0.0242355593510279,-0.0101868453069929
"2022-07-18",-0.00784584681683231,-0.00839874248583605,0.00414222060307701,0.011630360572819,0.0101868453069929
"2022-07-19",0.0269094798481397,0.0272535176437305,0.00140024496981628,0.00845564994446057,0.0167508104248153
"2022-07-20",0.00775187043816672,0.00587849394105788,0.0133438176745342,0.00962736659917574,0.00991743665734601
"2022-07-21",0.00994365649146189,0.00981306668950488,0.00234447995868692,0.00389589965254844,-0.043704434234729
"2022-07-22",-0.00960319773982565,-0.00937628729381323,-0.000206638737888731,0.00949880255642066,-0.0493057609841541
"2022-07-25",0.000567689676774563,0.00131430297330581,0,-0.0035075633642947,0.0143371631464073
"2022-07-26",-0.011869736433832,-0.0116103425992637,-0.00158579087478472,-0.0113075297769669,0
"2022-07-27",0.0250566027679291,0.0258200487786286,0.0100234723157939,0.00849252305415882,-0.010733555643109
"2022-07-28",0.0131258156058545,0.012060319791912,0.0130978621847708,0.0219559047125557,-0.0366341331797801
"2022-07-29",0.0154618952393468,0.0141077757817545,0.00919435403815427,0.00909332594776169,-0.00373832211060721
"2022-08-01",-0.00272402782934567,-0.0028270765449161,0.00180213140187124,0.0120534827717909,-0.0265670273847218
"2022-08-02",-0.00645835350338864,-0.00668468837887204,0.000200025192039099,-0.00626317643558449,0.0560894666510435
"2022-08-03",0.0165542998014576,0.015517456270091,0.00975294618253209,-0.000169925890728617,-0.00729930248161148
"2022-08-04",0.000107900337114053,-0.000777642449584448,-0.00343918498193219,0.00558890031216075,-0.018484814674103
"2022-08-05",-0.00270344044966908,-0.00162706901891774,-0.00185675632674265,-0.0113801248090695,0.054459917132381
"2022-08-08",-0.000758375745792961,-0.0012383171221213,0.00668142928602311,0.0132362395730543,-0.0214293914558992
"2022-08-09",-0.00434451888247978,-0.00425774423592706,-0.0104053166882725,-0.0122117500664505,0.010772096981911
"2022-08-10",0.0216426027810748,0.0210671584604079,0.00862352138709532,0.0206052641020833,-0.00716848947861259
"2022-08-11",-0.000852513512708875,-0.000705722922202057,0.00599260090871478,0.00732845352329026,0.0318611020689843
"2022-08-12",0.01754272001277,0.0171740469514923,0.00960510006783011,-0.000497668893840286,-0.0105079775984152
"2022-08-15",0.00439004749126592,0.0039616840562342,0.0109940768388039,0.0081023759727934,-0.0177624563398404
"2022-08-16",0.000938293965792703,0.00187392282594701,0.00487624322206859,0.00427283134730994,0.010695289116748
"2022-08-17",-0.00721585057933982,-0.00726411486764711,-0.00803268757591002,-0.00839857907584918,0.0245196171743185
"2022-08-18",0.00262038338749626,0.00226698960638494,0.00732839067643365,0.000991740925489593,-0.00346620797648622
"2022-08-19",-0.0139138052802057,-0.0129839287130391,-0.00616774653236796,-0.0148127335401269,0.0341330063694585
"2022-08-22",-0.0216746674463026,-0.0216323664664948,-0.00575215286730923,-0.0163979544421204,0.0166393190039646
"2022-08-23",-0.00184586894299699,-0.00224037043443737,-0.00748185971394033,-0.00478376902065936,0.00657897109804262
"2022-08-24",0.003363186489171,0.00291191669872326,0.00384550792389593,0.00427226658151625,0.0194811355718225
"2022-08-25",0.0146223167403292,0.0139932418361077,0.0049966312429941,0.00153372308169519,-0.0260601066698651
"2022-08-26",-0.035415455156131,-0.0342685763170394,-0.014342851103188,-0.0116459550794223,0.00329489589685261
"2022-08-29",-0.00732507969636487,-0.00668867519732608,-0.0181557482953041,0,0.0259754864032609
"2022-08-30",-0.0106390860366119,-0.0110894164921156,-0.00987812485167794,-0.0277724009089391,-0.00321027563024834
"2022-08-31",-0.00700501029630018,-0.0078477382081541,-0.00990850813760868,-0.00497141372556298,0.0127797266463989
"2022-09-01",0.00113318807593732,0.00299175226719584,-0.00560833198725952,-0.0225013314786056,0.0343247425410744
"2022-09-02",-0.0102445771800275,-0.010794552570724,0.0135564612923726,0.0237464502330065,-0.0185763855729353
"2022-09-05",0,0,-0.00617634168232506,-0.0181185564240021,0
"2022-09-06",-0.00447242652524782,-0.00410346469089617,-0.00122629576950484,-0.00271924083392183,0.0398214941866717
"2022-09-07",0.0184472676142526,0.0181748486661704,-0.00409830381328291,0.00434714138622216,-0.0181823190831905
"2022-09-08",0.00629869391710258,0.0065889668804413,0.0144063042260232,0.0161351782173016,0.00609757986811843
"2022-09-09",0.0170089483955378,0.015156014981212,0.00759492077034896,0.0179771732936027,0.012084739215072
"2022-09-12",0.0103081753753145,0.0105286514839964,0.00713878369599641,0.0126705131545084,0.0119404403719179
"2022-09-13",-0.0454192699610019,-0.0441991630319745,-0.0179097129391019,-0.0322495820649034,0.0147278067102434
"2022-09-14",0.00353289350907371,0.00338128907884538,-0.00767748379326694,-0.00912588700468198,-0.0029282597790885
"2022-09-15",-0.011326614720149,-0.0113822721681505,-0.00560833198725952,-0.00784280915804603,0.011661939747843
"2022-09-16",-0.00866698147954903,-0.00720804977566303,-0.0189717348910543,-0.0155694904253172,0
"2022-09-19",0.00786129684767367,0.00683369772470499,0.0028618570040928,0,0.0115275051710675
"2022-09-20",-0.0121649418247065,-0.0113361147365989,-0.00125546074530902,-0.00277295965329549,0.0226638595772117
"2022-09-21",-0.0181138933524325,-0.0172646740985076,0.0123459331648794,0.00221908619307398,-0.0169495583137733
"2022-09-22",-0.00930140998894924,-0.00846329383045408,-0.0221643298206509,-0.0315224142276158,0.0527167821724046
"2022-09-23",-0.0164274450837034,-0.0173828287673299,-0.0119821523843235,-0.0192461347067072,-0.00270636159774318
"2022-09-26",-0.0103944234095463,-0.010394360890281,0.00355998959720694,-0.00682475168442376,0.0502086955827463
"2022-09-27",-0.0021043810635808,-0.00212261095482447,-0.00142245365672178,-0.00293922365394472,0.0229309410639171
"2022-09-28",0.0199967820841342,0.0194811441811531,0.00369426581393739,0.00879180214857911,-0.0650424264140439
"2022-09-29",-0.0221057000690141,-0.0213527948230983,-0.024332794118477,-0.00996969428157879,0.0106952891167478
"2022-09-30",-0.0140053830752107,-0.0151813515462091,0.00702317032344979,0.00958057581950289,0.0184458457907517
"2022-10-03",0.0265920039492888,0.0255545775309294,-0.00180538044329293,0.00116682352158692,-0.0426731411260759
"2022-10-04",0.030195705600712,0.0301253414168006,0.0203905530967079,0.0351384465562414,-0.0137176362287992
"2022-10-05",-0.00214416606980894,-0.0020199875589384,-0.00191404221332281,-0.0170331689464298,0.0379449315641234
"2022-10-06",-0.00994556644025657,-0.0102979229113949,0.00784539957464236,0.00400048584503021,0.0184458457907517
"2022-10-07",-0.0293274805794379,-0.0284031965314782,-0.0197660107384285,-0.0265858693093008,0.0155443544378002
"2022-10-10",-0.00834348599021251,-0.00752067313365323,-0.00424565350764805,-0.0149494143708253,0
"2022-10-11",-0.00715291929938555,-0.00654051841232395,-0.0065113374933139,-0.00099121050089912,0.0102302682508149
"2022-10-12",-0.00226977961643282,-0.00329619965016548,-0.0037087616077045,-0.00337804235714678,-0.00510205188389534
"2022-10-13",0.0250561825022126,0.0256342593076315,0.00101943790638614,0.00417100987816776,0.0152287207018247
"2022-10-14",-0.0234164868442086,-0.0239471207445288,0.00341484140073778,0.00395677853146803,0.00752826642079141
"2022-10-17",0.0252611810884442,0.0261355245575619,0.00938501750732357,0.0129463276663579,0.00498754151103897
"2022-10-18",0.0124559705558882,0.0113627682070874,0.00200989791445583,0.00408444009076492,-0.00249066131245179
"2022-10-19",-0.00828688042609116,-0.00669445523968548,0.00400771720649562,-0.00116531495315009,0.0319045465187451
"2022-10-20",-0.00847920765558374,-0.00798268673876557,0.00164147038696694,0.000582710433009392,0.0238674814066435
"2022-10-21",0.0245029062648072,0.0234477598604474,-0.0042876019167748,-0.0101503479277529,-0.00710062154957636
"2022-10-24",0.0114943277719384,0.0118119402051118,0.0103302808032852,0.020390998110936,0.00945633524203537
"2022-10-25",0.0173488592964066,0.0161357700158735,0.0107857576944097,0.0241206178097706,-0.0359320092260633
"2022-10-26",-0.00728043084180108,-0.00741514039898838,0.00196132586038811,0.0150853727231541,-0.0147422817372034
"2022-10-27",-0.00496223871324375,-0.00610118505318447,-0.00287318186510266,-0.00556068686735811,-0.0200006667066694
"2022-10-28",0.0224859121188556,0.0243280367708554,0.0079687220805793,0.00222792718681286,0.0150378773645403
"2022-10-31",-0.00697275645444151,-0.00748232703033658,0.00728377402082003,0.0024080490204148,0.0197050710793325
"2022-11-01",-0.00385562202016043,-0.00410966372035837,0.00172646023785195,0.000185114372434514,-0.00734397425575839
"2022-11-02",-0.0265735238670288,-0.0253198437374831,-0.00657644533100576,-0.00296416485526896,0.00734397425575839
"2022-11-03",-0.0111218318390911,-0.0106424225319568,-0.0107534958176982,-0.0219459662091428,0.00970881412696079
"2022-11-04",0.0146021815927533,0.013526823285563,-0.00860190881728684,0.0100010312257968,0.0072202479734873
"2022-11-07",0.00858887216857607,0.00956806167936008,0.00395758508484878,0.011759568602296,0.0119190922372103
"2022-11-08",0.00721931175164681,0.00558228282875994,0.00947679049362193,0.0178396112086314,-0.0191393402106976
"2022-11-09",-0.0220575129926237,-0.0209967847123025,-0.0109589961685792,-0.0122881858640298,-0.00484262447578776
"2022-11-10",0.0556840370783434,0.0539525156647969,0.0229734168384956,0.0346392683582171,-0.0756027407429514
"2022-11-11",0.010774198056092,0.00919831230477008,-0.00304205463621177,0.0125766669614591,0
"2022-11-14",-0.00906520548017387,-0.0089759405449179,0.00359417218103175,0.0068415205900203,0.0155847310166983
"2022-11-15",0.00872672342345115,0.00867537641466853,0.00543568470256695,0.00418689067111488,-0.0208340869028421
"2022-11-16",-0.00827169690623908,-0.00828628311187352,-0.0136103609633107,-0.00926971533345311,-0.0348094046658611
"2022-11-17",-0.00364748176642493,-0.0030941046442301,-0.00439186195399266,-0.0146919449753953,0.0268833393934405
"2022-11-18",0.00387532617039632,0.00474729564815846,0.00723980381249589,0.0101128437560298,0.0131754211585644
"2022-11-21",-0.00410359930881476,-0.00389124980027589,0.00332384310393241,-0.00318243131935758,0.00261438057407104
"2022-11-22",0.0140637638611878,0.0134886062698296,0.00695817470417648,0.00899072564594849,-0.0184458457907517
"2022-11-23",0.00651119977392423,0.00589726604173713,0.00376882641743137,0.0139422178746615,-0.0133870807824592
"2022-11-24",0,0,0.00164006208682999,0.00535091783969199,0
"2022-11-25",-0.000223943071855359,-0.000283084262202138,-0.00136656632355336,-0.00206789885521141,-0.00811912443850415
"2022-11-28",-0.016589025595267,-0.0155646967940655,-0.00761869646723579,-0.00657657324584249,0.00271370587159603
"2022-11-29",-0.00159418147643198,-0.00159313370162373,-0.00594294207004609,-0.0122294331144743,0.0161293819298838
"2022-11-30",0.0313033735125572,0.0304786435212954,0.00601180084624264,0.00228240743528585,-0.0188430878014798
"2022-12-01",-0.000221161504597056,-0.000868009829606109,0.0102811053829237,0.0307397937559735,-0.0416148812356343
"2022-12-02",-0.00110521693008803,-0.00119537466376229,-0.00430512591648835,-0.00238366866463258,-0.00568183346743112
"2022-12-05",-0.0194332536110666,-0.0180562496309715,-0.00880456049743916,-0.00718556339028598,0.02531780798429
"2022-12-06",-0.0149987110278715,-0.0145038694229864,-0.0140543900050911,-0.0126137493115797,-0.02531780798429
"2022-12-07",-0.00114549692469357,-0.00186410725338249,-0.00540981596467383,-0.00645442657325201,-0.0259754864032604
"2022-12-08",0.00844547756940539,0.00749363441393314,0.00246266512159199,0.00662847449514148,0.017391742711869
"2022-12-09",-0.00729998064471182,-0.00737671946421159,0.00462739127267842,0.00675728723616009,0.0255333020051647
"2022-12-12",0.0140960112149706,0.01417830729965,-0.00427606121356039,-0.00606216444849439,0.011142176553242
"2022-12-13",0.00790160444151056,0.00726322325545681,0.014298327589743,0.0202931192807168,-0.0280917348670153
"2022-12-14",-0.00642944906539444,-0.0060711166238363,-0.00207963882902451,-0.000170432721720237,-0.00571430126343841
"2022-12-15",-0.0247464899040724,-0.0252374779018254,-0.0350987624124768,-0.0346723154781503,-0.0144302648290289
"2022-12-16",-0.0133116612963526,-0.011200239946012,-0.00808267645181449,-0.0128183522487606,0.0115608224010759
"2022-12-19",-0.00909250994297484,-0.00904832894110363,-0.00392038613418855,-0.00305069684455117,0.0255333020051647
"2022-12-20",0.00154081354178448,0.00103680069788936,-0.00378984693775664,-0.00540636986178944,0.0330608622608881
"2022-12-21",0.0151634349292129,0.0147585486690556,0.0183053177507482,0.0139962220131291,-0.00271370587159603
"2022-12-22",-0.0159928014877631,-0.0145571424981465,-0.0156800656226892,-0.0183425342694099,-0.00272109011436084
"2022-12-23",0.00567352110256536,0.00585095227191523,0.00240045094146524,0.005971186345614,0.0215641779158406
"2022-12-26",0,0,0,0,0
"2022-12-27",-0.00389706787562805,-0.00405784403465859,0.000145327077910373,0,0.023716526617316
"2022-12-28",-0.0119035459689067,-0.0120934704429487,-0.00546310117882332,-0.0092433806422314,0.0103627870355465
"2022-12-29",0.0180378417474936,0.0173106343149936,0.00734999124521263,0.0130248764146876,-0.0129703504426273
"2022-12-30",-0.0032984057485006,-0.00254397564611075,-0.00983643631906439,-0.00468387762771338,0.0129703504426273
"2023-01-02",0,0,0.0228030713553036,0,0
"2023-01-03",-0.00366447115311352,-0.00400857248127373,-0.00999828055183016,-0.00688535202656526,-0.0234691345408471
"2023-01-04",0.00696287690161412,0.00751069456213926,0.00899577858373934,0.0144406005855295,-0.0267395610418992
"2023-01-05",-0.0115921922174751,-0.0117138691364573,-0.0057479900318782,-0.0126240530493211,0.00540541856690813
"2023-01-06",0.0217718672866338,0.0225838355890318,0.00953789606392696,0.017094445647968,-0.0440842731320195
"2023-01-09",0,-0.000767927325991735,0.00590645248181421,0.0239744176921153,-0.00564973254211898
"2023-01-10",0.00811616513889835,0.00695399797059437,-0.0106281930319314,-0.0135030792179229,0.0224099013995842
"2023-01-11",0.0119375754113342,0.0127675711922937,0.00885281355295842,0.0115850558712907,-0.0195810451991065
"2023-01-12",0.0046673208746224,0.00341008491204242,0.00283905292701458,0.00782286656877362,-0.0315664659678345
"2023-01-13",0.00475865529442032,0.00398889214465648,0.00325507444825668,0.0048367712205275,0.0173414750364873
"2023-01-16",0,0,0.00507365757624445,0.00601330153793422,0
"2023-01-17",-0.0016969599935539,-0.00203255543099701,0.00280756759879974,0.00273685855979755,0.0113961347308695
"2023-01-18",-0.0163236460222489,-0.0156849669777444,-0.00569359821609439,-0.00290828950733579,-0.046385126580935
"2023-01-19",-0.00820469881596431,-0.00766767190181206,-0.0149855480412251,-0.0198984758212681,0.00591717702808858
"2023-01-20",0.0187371903258944,0.018741673552352,0.00720116139313909,0.0104309972534822,0.0262023723940239
"2023-01-23",0.0124492499481805,0.0118113159513289,0.0148788182721074,0.0185065514695286,0.0114286958236227
"2023-01-24",-0.00168846528858069,-0.000711756364292881,-0.00210193316179552,0.00220467800496293,-0.0171924005403727
"2023-01-25",0.000337777878151257,-0.000181741573465288,-0.00795754238825275,-0.00748183774124778,0
"2023-01-26",0.0111998132733389,0.0109477080291143,0.0118777261602467,0.0103577245076936,0.00863314714470298
"2023-01-27",0.00322437080130378,0.00249173402170477,0.00918006347484912,0.00857783123028866,0.00855925339566976
"2023-01-30",-0.0131860439411211,-0.0130535693152929,-0.00513597898118512,-0.000502586019708984,0.00848661387731875
"2023-01-31",0.0149605880815402,0.0145363044164188,-0.000905042903126763,-0.00150907427452029,-0.00848661387731875
"2023-02-01",0.0106916978043117,0.0103980562968857,-0.000626999258319216,0.00452067499445885,-0.0376310682176466
"2023-02-02",0.0155565748532913,0.0145923846268534,0.0233505754728576,0.0232819552506094,0.00294551022975664
"2023-02-03",-0.011508121802339,-0.010408592637285,0.00516091391201634,-0.00212418614094356,0.0375224393230897
"2023-02-06",-0.00690288441537223,-0.00615939319393988,-0.00516091391201634,-0.0120116668872852,0.0279347773315539
"2023-02-07",0.0125649491343109,0.0127903640373983,0.00217622544699658,-0.00447935819595258,0.0109590137897195
"2023-02-08",-0.0111367149801449,-0.0111425730124122,-0.00135959878398939,0.00646393766571696,-0.0109590137897195
"2023-02-09",-0.00959785007608183,-0.008869009831038,0.00149548814351785,0.00609402774874823,0.0109590137897195
"2023-02-10",0.00199323402505946,0.00219285570921812,-0.00510743725788654,-0.0177259689585225,0.0188939493599618
"2023-02-13",0.0116588354168714,0.0113835699511551,0.00693977645135835,0.0109708082121378,-0.00536194314138538
"2023-02-14",0.000655927814423585,-0.00028045385549369,-0.00448494667030364,-0.0011578041370599,0.013351333174864
"2023-02-15",0.00414375758624086,0.00276933753307596,0.0086797776143932,0.0036343741052629,0.0105541876786903
"2023-02-16",-0.0139171885480289,-0.0138846892048807,-0.000945686295706238,-0.000659603831296485,0.0130379943381298
"2023-02-17",-0.00342678231871307,-0.00277124217228319,-0.0121023965403575,-0.0159685340958717,-0.0104167608582557
"2023-02-20",0,0,0.00198170897496563,0.00518442528684027,0
"2023-02-21",-0.0208107477263466,-0.020244783973471,-0.00974143809377104,-0.0132652431015181,0.0334651562945469
"2023-02-22",-0.000791657412035462,-0.00157479548564332,-0.000827552579556468,-0.00542383213063746,-0.00507615303186082
"2023-02-23",0.00620389696011348,0.00531527826323774,-0.000206995195944693,0.00203727591602365,-0.0128042722459878
"2023-02-24",-0.0118774228190563,-0.0105934646197756,-0.00491168164196498,-0.00817426226044882,0.0178804252778486
"2023-02-27",0.00386151177430527,0.00306829253955243,0.00553253873309423,0.0110535588427674,-0.00762392511065957
"2023-02-28",-0.00397519721098849,-0.00304061983094783,-0.00338507112268172,-0.00152332460065119,0
"2023-03-01",-0.00319181079219444,-0.00473646420349283,-0.0107138447186426,-0.00901740620559388,0.0226995875161067
"2023-03-02",0.00750694324388057,0.00755359373119724,0.00495372699872831,-0.00205316566408165,0.0173057470975926
"2023-03-03",0.0159625163816566,0.0160187491764834,0.0163604961510666,0.0159706648970723,-0.0273308937169712
"2023-03-06",-0.000557647524527916,0.000686930778847739,0.00389512276389592,0.00839206876705489,0.00251572459724714
"2023-03-07",-0.0154048688571287,-0.0154455904792634,-0.00588277666765435,-0.0165154158574043,-0.00251572459724714
"2023-03-08",0.00158510829615111,0.00141379413560294,-0.00130427493465124,-0.00357479507821434,0.00251572459724714
"2023-03-09",-0.0189588648465717,-0.0186318579454809,-0.000206204102430441,0.00153350348531101,-0.0126423934151765
"2023-03-10",-0.0153366385032365,-0.0145839694360674,-0.0214598772676489,-0.0154430027514718,-0.0603066062309909
"2023-03-13",-0.00187526970352891,-0.00151090184073865,-0.0237978967125425,-0.0121782027356168,-0.0413852161628545
"2023-03-14",0.0159428618477673,0.0163423882353637,0.0147008819420238,0.00940776498606555,0.025036078161325
"2023-03-15",-0.00555688353541139,-0.00700536392935369,-0.00896618670630556,-0.0242202467808363,-0.0363676441708751
"2023-03-16",0.0164646064559584,0.0174095762490314,0.0136308614765879,0.0219464387826567,0.0141445073861648
"2023-03-17",-0.0118318203618637,-0.0110806212739529,-0.00799979377810711,-0.00209278925488721,-0.0489306234715801
"2023-03-20",0.00908728863293806,0.0088788696359412,7.1036688310322e-05,0.00591819664377446,0.0233246725664089
"2023-03-21",0.0142121006317213,0.0128986475185577,0.00835172188998445,0.0119039755349857,0.0339976085414195
"2023-03-22",-0.0174233142857192,-0.0166002486398416,0.00161974557818656,0.00632528846485703,-0.0311199087138045
"2023-03-23",0.00207654859810535,0.00298008386918269,-0.00798340385840479,0.00170261294881513,-0.0291565842914556
"2023-03-24",0.00620498557179694,0.00562396308430202,-0.00269898325322959,-0.0166398047508418,0
"2023-03-27",0.00194539935714033,0.00164559956376742,0.007651918992015,0.0106677629159191,0.0434221614502781
"2023-03-28",-0.00206012848370207,-0.00157508328838851,-0.00488193694043204,0.000513117703102806,0.00564973254211898
"2023-03-29",0.014670293574639,0.0141368707750473,0.00995095127746559,0.00868626864608113,0.00561799230422322
"2023-03-30",0.00574095178866241,0.00569899919948291,0.00518321193032545,0.013140303022888,-0.00561799230422322
"2023-03-31",0.0151500884913371,0.0143333277820368,0.0110467400828629,0.00717079345314131,-0.0199153097009415
"2023-04-03",0.00231916984281089,0.00369202256580259,0.00248430615803663,0.000830482747763206,-0.0144720326085344
"2023-04-04",-0.00575226569422504,-0.00581383974516214,-0.00573702529002684,0,-0.0235999153408735
"2023-04-05",-0.00411312583378187,-0.00249548165712099,-0.00222062595637063,-0.00900600228804893,-0.0150378773645405
"2023-04-06",0.00355795813807713,0.00357277313280235,0.000833299473132598,0.00117199341821039,0
"2023-04-07",0,0,0,0,0.0269074529199245
"2023-04-10",0.001442146556764,0.000995807017009298,0,0,0.00588236990306634
"2023-04-11",0.000443413696545214,-4.13533329819415e-05,0.00684866909269566,0.00899556688994729,0.0058479698824232
"2023-04-12",-0.00421898138746535,-0.00414345632346169,-0.00421431829494345,0.000331720439366467,-0.0058479698824232
"2023-04-13",0.0128235262706493,0.0131755104978311,-0.00166300962434018,0.00430100051849269,0.011661939747843
"2023-04-14",-0.00230930439570098,-0.00207151758457869,0.0075304951856543,-0.000330099117279881,0.0200867585667373
"2023-04-17",0.00362655368479903,0.00330070358261558,0.00439530561657353,0,0.0224728558520586
"2023-04-18",0.000877145406128044,0.000854854803465699,0.00164331088460923,0.00691113134082988,-0.00557104504945527
"2023-04-19",0.000109502402724893,-8.42655479402765e-05,-0.00130071861827119,-0.00361418070980468,0.00557104504945527
"2023-04-20",-0.00615582211161403,-0.00597033518831047,-0.00329351014449841,-0.00296685151374532,-0.0168071183163812
"2023-04-21",0.00132206831298465,0.000902781257300589,-0.00034372265182725,-0.000495354091569089,0.00843886864586452
"2023-04-24",0.00044062059147798,0.000851216778272601,-0.00447886293242838,0.000825410042929242,-0.014104606181542
"2023-04-25",-0.0169844128711567,-0.0159371838185773,-0.0017972616223485,-0.00496277690921931,-0.03468555798789
"2023-04-26",-0.00392606839844678,-0.00384858350334483,-0.010012510190438,-0.00665562619551352,0.0087848295557329
"2023-04-27",0.0201397252869437,0.0193771934026969,0.00522740321277393,0.00166803082052791,0.0287376097673568
"2023-04-28",0.00822769122775657,0.00821933131324393,0.00872094728185235,0.0117639322692353,-0.0258263995598984
"2023-05-01",-0.000764941194026036,-0.000386181048510181,0,0,0.0426807311148805
"2023-05-02",-0.0112150704949654,-0.0116539066805732,-0.00976430786115845,-0.0117639322692353,-0.0426807311148805
"2023-05-03",-0.00676772363215417,-0.0070229080548927,0.00139079963036792,0.00697574176375015,-0.0175957618903797
"2023-05-04",-0.00759859209621538,-0.00724491345506273,-0.00641384102116405,-0.0101474628805545,-0.00296296513065686
"2023-05-05",0.0183389128101803,0.0183061663818798,0.0125796399664635,0.0147710693547374,0.0205587270210366
"2023-05-08",0.000330411075583292,0.00045202648488285,0.00317202530838046,0,0.0229895182246986
"2023-05-09",-0.00408199097982109,-0.00458993894906001,0.00350500009326549,-0.0019790319050883,0.00283688133519977
"2023-05-10",0.00496232177358902,0.00447394224191378,-0.00130427493465124,0.00131963638530075,-0.0287376097673568
"2023-05-11",-0.00264349524509999,-0.00169806488970536,0.00274400861454982,-0.0064499460447105,-0.0117303397854895
"2023-05-12",-0.00121386128382284,-0.0015845615894392,0.00376083756500378,-0.000497836419333098,0.0204386676772739
"2023-05-15",0.00385735652892283,0.00295379768031623,0.00265821223971674,0.00331436945388286,0.0114943794257352
"2023-05-16",-0.00772964989252678,-0.00639810768191751,-0.00170317167418954,-0.00198722389363271,0.011363758650315
"2023-05-17",0.0127770003038439,0.0118206886220715,0.00272364253093027,-0.000829309140917056,0.00843886864586452
"2023-05-18",0.00958499518008615,0.00940072306372741,0.0141789296955244,0.00941302177432046,0.0221615718028525
"2023-05-19",-0.00195327709746174,-0.00144691388067564,-0.000536492968749691,0.00410065434547824,0.0136056520557788
"2023-05-22",0.000760132734296981,0.000155022679802386,0.00354882541233703,0.00179922190904258,0.00539084863487638
"2023-05-23",-0.0111318397281126,-0.0112854687682837,-0.00200724711844291,-0.00491413220873271,-0.00539084863487638
"2023-05-24",-0.00749070045128786,-0.00734551267830597,-0.0157281711549055,-0.0200687374267157,0.00807541400554523
"2023-05-25",0.00847778114311826,0.00871945607901203,0.00454807281979264,0.0149653228588131,0.0264565695368306
"2023-05-26",0.0139359244307489,0.0129646809316402,0.0142562456789159,0.00838192352704881,-0.00786373646021477
"2023-05-29",0,0,0.00293354717538374,0,0
"2023-05-30",-0.000540630295334132,1.66031306658709e-05,-0.00453732627434977,0.00375735046356329,-0.0293746086799043
"2023-05-31",-0.00542355809322803,-0.00612735818621424,-0.0055662004889605,-0.0176006754487539,-0.0136427764037863
"2023-06-01",0.00974120553680979,0.00980621508585422,-0.000134536775768801,0.0126969842136189,-0.0082759093038598
"2023-06-02",0.0149671741220692,0.014429812390107,0.0228733547942106,0.0193111698954567,0.0219186857076461
"2023-06-05",-0.00169914367058688,-0.00200559149065782,0.00315050788554849,0.000803264629300138,0
"2023-06-06",0.00265381249954899,0.00235113023385125,0.00130973785747557,0.00272632174046139,0.00270636159774318
"2023-06-07",-0.00439105729425382,-0.003819293926421,-0.00183413370283159,0.000640284888982379,0.024033199444156
"2023-06-08",0.00628226327517023,0.00616957160752385,-0.00506133306221823,0.00207856057356581,-0.0159577854386108
"2023-06-09",0.00084884012502151,0.00114740102305078,0.00486462621042261,0.00287079535770607,0.00534760632659537
"2023-06-12",0.00939455991920379,0.00927797498175487,0.00281584070424312,0.002703774255151,-0.00534760632659537
"2023-06-13",0.00701447000251765,0.00690857072590845,0.00917828192300796,0.0140369576995045,0.0290641329439114
"2023-06-14",0.000938882614531344,0.000819089980126364,0.000129611714233313,0.00608946573598423,-0.00260756340708079
"2023-06-15",0.0122242647654343,0.01210458049359,-0.00350473190066669,0.00174773536103068,-0.0291411349074995
"2023-06-16",-0.00402382386984002,-0.00367837646775193,0.00408762861330914,0.00483885428561814,0.013351333174864
"2023-06-19",0,0,-0.00623544966265399,-0.00656146488748455,0
"2023-06-20",-0.00497465361882998,-0.0047463538352357,-0.00489860893309579,-0.00755194338538878,-0.00798939003347865
"2023-06-21",-0.00604425947808096,-0.00525908636692485,-0.00465950936591586,0.000631485462702308,-0.00536194314138538
"2023-06-22",0.00333930049605513,0.00370393038733496,-0.00263476081861125,-0.00347830333624799,0.0212773984472847
"2023-06-23",-0.00805387187823303,-0.00768828805650301,-0.000527786224910898,-0.0084293959510795,-0.0159154553058993
"2023-06-26",-0.00378807551228899,-0.00449693436313225,-0.00231223205892483,-0.000159756422056567,-0.00536194314138538
"2023-06-27",0.0112166413788497,0.0113907335241823,-0.00099268219377624,0.00509883400758948,0.013351333174864
"2023-06-28",0.000416941507126012,-0.000354139388390351,0.00948875393981119,0.00586322904113201,-0.0160431248405755
"2023-06-29",0.00374409830143829,0.00446356811449,0.00379657354504737,0.00173654202817897,0.037041271680349
"2023-06-30",0.0116623692378672,0.0121943502618862,0.00865187926939814,0.0109804052881195,-0.0104439591610832
"2023-07-03",0.00184518043058368,0.00116999309267207,0.00265211616929939,0.0056005808345656,0.0130379943381298
"2023-07-04",0,0,0.00109757680644762,-0.000620705911039465,0
"2023-07-05",-0.00194794770245377,-0.00197025809761264,-0.000903805021299497,-0.00217557133952395,0.0230483954362912
"2023-07-06",-0.00834652642871347,-0.00795406117589437,-0.016475472716051,-0.0186862383416955,0.0250013022054172
"2023-07-07",-0.00207164063122445,-0.00286921279573349,0,0.00789385871018533,0.00246609249519336
"2023-07-10",0.0033124377204814,0.00240213861062699,-0.00421108251929425,0.00110018060875072,-0.0123917322951634
"2023-07-11",0.00690064874627261,0.00671958399825456,0.00414535635790436,0.00423241086542303,-0.00500001041670561
"2023-07-12",0.0079738058745269,0.00738390523538968,0.00471668905550349,0.0176747358711231,-0.0331240474250327
"2023-07-13",0.00831486209270249,0.00843448298962635,0,0.00383482431281701,-0.0262482260749364
"2023-07-14",-0.00141478942889428,-0.00102493219690736,-0.000196076867547745,0.00427736540837342,0.0184458457907517
"2023-07-17",0.00454023970086403,0.00384796957442113,-0.00098096144475246,-0.00076242287572148,-0.00523561405394513
"2023-07-18",0.0080208210415611,0.0070920669414285,0.00535104433225886,0.00532527372014702,-0.00262812240626964
"2023-07-19",0.00299130894684829,0.00235513482723348,0.00881234667672715,0.00590039195920022,-0.0132452267500205
"2023-07-20",-0.0079968472364369,-0.00677982739625804,0.000838335598806417,-0.00970128019869909,0.0263173083173733
"2023-07-21",0.0010032089761669,0.000324042014613113,0.00135274399933216,0.00167422871391976,-0.00260078170005729
"2023-07-24",0.0040023293134217,0.00402603849687466,0.00366236832789379,0,0.00519481687710388
"2023-07-25",0.00289182643250641,0.00281071957583912,0.00511773796960302,0.0033397717648338,0.0128701905205351
"2023-07-26",9.94825143418865e-05,-0.000155450978676086,-0.00351563565035473,-0.00364418202287853,-0.0128701905205351
"2023-07-27",-0.00769574720616095,-0.00644539305519665,0.0142414860436757,0.00515864051500792,0.0381240578417383
"2023-07-28",0.00998307615091942,0.0098293758104333,-0.00316135814900775,-0.00136282542227351,-0.0125472160520885
"2023-07-31",0.00188554341916536,0.00146763543656903,0.000443142022287901,0.000757341200346762,0.00252206943270994
"2023-08-01",-0.00268048828900458,-0.00266864530768274,-0.000506533084672078,-0.00958550817232462,0.0199507864193487
"2023-08-02",-0.0147216149811786,-0.0139362006383354,-0.0108246647392019,-0.013235016157584,0.00738010729762251
"2023-08-03",-0.00313247808366057,-0.00255122545029174,-0.00532788019117092,-0.00481411822734046,0.0289875368732524
"2023-08-04",-0.00375144801216276,-0.00531416937393914,-0.00115914926165495,0.00713519490749004,-0.0363676441708749
"2023-08-07",0.00819453133151171,0.00898361896485689,-0.00277469407767317,-0.00495814722574783,0.00982808893626252
"2023-08-08",-0.00505037819707166,-0.00422720510005803,-0.0020698071334273,-0.0054513462752559,-0.0172630674237808
"2023-08-09",-0.00670598517257393,-0.00706361910204656,-0.000842136942482696,0.00156054459867194,-0.00498754151103897
"2023-08-10",0.000815036511610856,0.000250682521080847,0.00491312484607587,0.00869453702621037,0.0222506089348198
"2023-08-11",-0.000917063303259802,-0.00107026489922823,-0.00659943025489618,-0.0115052854723316,0.0169701042184616
"2023-08-14",0.00579482037344814,0.00573400487941811,0.00627692356121923,-0.00078204024598616,0.00718565966087459
"2023-08-15",-0.0116232547626689,-0.0116181393960968,-0.00686129639066202,-0.00690971419494879,0.00476191376024349
"2023-08-16",-0.00803144057537164,-0.00758408179262382,-0.00175526951892646,-0.00268242625001358,0.0164903618994154
"2023-08-17",-0.00767961260085581,-0.00774281137752908,-0.00659342259849893,-0.0103232536205908,0.00466201310581127
"2023-08-18",0.000728934056602348,-0.000148717883957872,-0.00815465688364103,-0.00914122856395272,-0.00934586241823765
"2023-08-21",0.00622687691910784,0.00685563485980012,0.000726100618437364,-0.000161082608113983,0.0186051878310345
"2023-08-22",-0.00321240942486689,-0.00278133104654543,0.00971834898527479,0.00770468001788505,0
"2023-08-23",0.0115573772891162,0.0109843307107909,0.00631862978757258,0.00637545556776775,-0.035173614178267
"2023-08-24",-0.0141554674155158,-0.0135493539840077,-0.00390375326871162,-0.00509720972029282,0.00950125912414013
"2023-08-25",0.00725774222496689,0.00669550106029604,0.00019554007564615,-0.00351928966229575,0.00471698987813873
"2023-08-28",0.00628199790395989,0.00624507859419587,0.007855441732592,0,-0.0118344576470026
"2023-08-29",0.0152814541981012,0.0144040687120572,0.00830731067244006,0.0223445310072892,-0.0192313619278877
"2023-08-30",0.00393515272453371,0.00382585418119241,-0.000577325230532999,0.00687175899670445,0
"2023-08-31",-0.000906702005305071,-0.00159821297433993,0.00786179609016102,0.000777966530642882,-0.00730819330672472
"2023-09-01",0.00261712154560101,0.00179751276551876,0.00444669086445071,-0.00186803879684883,0.0217662764819546
"2023-09-04",0,0,0.00050695032087944,-0.000623476433254666,0
"2023-09-05",-0.00463512239084007,-0.00420299782138223,0.00360446880735044,-0.00359235152972426,0.021302580703868
"2023-09-06",-0.00719688418880793,-0.00699601449143117,-0.00811259861435509,-0.00753889640776872,0.0070011954589837
"2023-09-07",-0.00305652940899837,-0.00321643311573361,-0.00108241179976876,-0.00284174888630417,-0.0070011954589837
"2023-09-08",0.00173300884105299,0.0014256060622575,0.00190938860526035,0.00331461035887104,-0.00234466695925395
"2023-09-11",0.00659959640804431,0.00670095149813577,0,0.00612675194793422,0.00701757265864655
"2023-09-12",-0.00649750249062819,-0.00571216902300442,0.000444944956922377,-0.00172429287126397,-0.0046729056993926
"2023-09-13",0.000305416258107982,0.00124086211753394,-0.000381396988444749,-0.000313686311357309,-0.00469484430420763
"2023-09-14",0.00881968207531436,0.0083945855336669,0.0128243256224065,0.00540848137945016,0.00936775000360024
"2023-09-15",-0.0130030630630991,-0.012234145842493,-0.00459276486910465,-0.00408025822149227,0.00928080907447293
"2023-09-18",0.000817613423714114,0.000721027694174481,-0.00480401988924761,-0.00583563541095566,-0.00231213975837963
"2023-09-19",-0.00265985303437777,-0.00215332736153329,-0.00457260538884885,-0.00730275633508359,0.0115076068514799
"2023-09-20",-0.00905545872062241,-0.00943920420629141,0.00286030346065047,0.00919904962021034,-0.00458716400690617
"2023-09-21",-0.0173082111148837,-0.0165369183184882,-0.0160597827350166,-0.0218666488697306,0.0316768566535703
"2023-09-22",-0.00221122810800889,-0.00229823740276025,-0.000387056070375813,-0.00209981436641371,-0.0111983253100294
"2023-09-25",0.00452234308293065,0.00401499420380702,-0.000516340748101918,-0.00844459431201994,0.0244728565187255
"2023-09-26",-0.0150867330142388,-0.0148441654822644,-0.00803731474784364,-0.0076942031727909,0.00219539056343554
"2023-09-27",0.000855495113261995,0.000229287772294029,0.00272956666157054,-0.00378693641524919,0.0109052334822626
"2023-09-28",0.00596739313236849,0.00587587714300142,0.00155645612510646,0.00427986849483597,-0.00434783293610352
"2023-09-29",-0.0022335596725771,-0.00271325964829039,0.00168335746536474,0.00426162925433138,0
"2023-10-02",-0.00106549534462452,7.93644061527488e-05,-0.00110034747451682,-0.00969683641579921,0.0215525583857343
"2023-10-03",-0.0139545630616267,-0.0138393958634477,-0.0124468300020952,-0.0185021131331622,0.0252645016594817
"2023-10-04",0.00743088878198517,0.0080770476078289,-0.00328407520119001,0.00453219409384342,-0.016771881613828
"2023-10-05",-0.00171834041327834,-0.00130488114699645,-0.0004606805984535,0.00117151641634061,-0.00211640290637782
"2023-10-06",0.0130276204539301,0.0117456420939615,0.00623349162305153,0.008992602658485,0.0126317469059007
"2023-10-09",0.00623977815290555,0.00628406811938831,0.0067147079148242,0.00132550501303652,0
"2023-10-10",0.00588663727475947,0.00519447609998558,0.0139366316978249,0.0222666842885928,-0.02542509836581
"2023-10-11",0.00449670194497198,0.00428381950009538,-0.00423786199182175,-0.00162039490240762,-0.0173164500114611
"2023-10-12",-0.00722562206369659,-0.00626602494065587,0.00788336539397427,-0.000811183145914995,0.0258635105899194
"2023-10-13",-0.0050573106266425,-0.00503149566021932,-0.00621180460032988,-0.0127410548679088,-0.0150056406178702
"2023-10-16",0.0110300508514545,0.0105386423025902,0.00467841880082798,0.00834893738512732,0.0171310399301836
"2023-10-17",0,-9.82498794446229e-05,-0.00281718192313019,0.00390496344688529,0.025158559636155
"2023-10-18",-0.0143099907987825,-0.0134904082511511,-0.00520725560810487,-0.0119253821710363,0.0164274741419479
"2023-10-19",-0.00969064115493445,-0.00851903232805817,-0.0110827245086647,-0.0117365237364331,0.0141559492301324
"2023-10-20",-0.0124907314731573,-0.012665149196156,-0.0179521220664371,-0.0182906964079479,-0.0100909029819629
"2023-10-23",-0.00206078895654294,-0.00168699206543543,-0.00392256323908047,0.000338686997713777,-0.0143005501421962
"2023-10-24",0.00746384518427412,0.00723952351962964,0.00564620792462112,0.000507715398811781,-0.00619197024792117
"2023-10-25",-0.0156406376500664,-0.0144434346572382,-0.00431474583598934,-0.00152398702179402,0.0245411089161176
"2023-10-26",-0.0107859471553615,-0.0119030812055847,-0.00808211113327495,-0.0100486809202223,-0.0183491386681964
"2023-10-27",-0.00421376352676717,-0.00481183857862177,-0.00882426353412491,-0.00257104631525018,-0.00412371718386217
"2023-10-30",0.0118199520873228,0.0119384743002868,0.00121707146353511,-0.00395473772726951,0.00823049913651541
"2023-10-31",0.00656767594072871,0.00645408482168719,0.00921548490378932,0.00789423423394964,0
"2023-11-01",0.0105268655831807,0.0104511949901926,0.0107885641360648,0.00613512445521347,-0.022798914964806
"2023-11-02",0.0192456658356983,0.0186829389340861,0.0145325030016101,0.0263238793384049,-0.0211872332194438
"2023-11-03",0.00980032231615535,0.00934988354455157,0.00501420188047597,0.0178766497415672,-0.0216458667746926
"2023-11-06",0.00136238620245255,0.0017514577241009,-0.00266677887486644,-0.00358254382134637,0.0216458667746926
"2023-11-07",0.00376297126665737,0.00283609340171154,0.00584461153155935,-0.00097921875316187,-0.0194600735547124
"2023-11-08",0.000730136063372022,0.00100441103242055,-0.00343764741845831,0.000489793615170875,-0.0198462963719306
"2023-11-09",-0.00774475348990666,-0.00811669069906884,0.00440838753336958,0.00228223714217801,0.0285420033394845
"2023-11-10",0.0156366474329461,0.0154957592707721,-0.00239626499891799,-0.00801111069497051,-0.00216684808509027
"2023-11-13",-0.00155262645302212,-0.000836188441370567,0.00697858748521707,0.0114249859472426,0.0043290110895855
"2023-11-14",0.0208117851712499,0.0188953704745778,0.00654648534311342,0.0253178800003178,-0.0419024916540092
"2023-11-15",0.0013179429801724,0.00159573820784686,0.00357597786411556,0.00662347264266927,0.0200675630508091
"2023-11-16",0.00222680650571494,0.00118971939671297,-0.00575344650132603,-0.00725673718175512,-0.0178178433167939
"2023-11-17",0.00141445241765048,0.001281227937179,0.00358375897627283,0.00552625696034204,-0.00224971973401522
"2023-11-20",0.00754337442413089,0.00736310379379468,0.000893936563731934,0.00580900417406038,-0.00451468035452685
"2023-11-21",-0.00180521137585732,-0.00202297593175693,0.000446717461755064,0.00156424916237086,-0.00226500663085205
"2023-11-22",0.00420707564257938,0.00405290509431389,0.00832251281772667,0.00234161087265061,0.00226500663085205
"2023-11-23",0,0,-0.000506276638799541,0.00233638599906882,0
"2023-11-24",0.000699644736777749,0.000596695609644371,-0.00190079929738385,0.00217560680596041,0.0112487125358707
"2023-11-27",-0.00169966158785151,-0.00195606931689873,-0.00177731918837143,-0.00155349544207484,-0.0180591815383975
"2023-11-28",0.00120001014866844,0.000979638528050941,-0.0019077130934777,0.00217413283925971,-0.0114548789747664
"2023-11-29",0.000299679594615299,-0.000946696615102383,0.000699949797059674,0.00185990978931549,-0.0162605208717805
"2023-11-30",0.00398849842562843,0.00377693126499423,0.0046326956174596,-0.000309846669309,0.0231491818669658
"2023-12-01",0.00694184024102995,0.0058565589538464,0.0110818065844072,0.00694624951075973,-0.0349278810595783
"2023-12-04",-0.00554968974611114,-0.00542318806382625,-0.00112770311489196,-0.00107740016128011,0.014117881545785
"2023-12-05",-0.000298071214533735,-0.000569031593935065,0.00500253058473721,-0.000308189505145329,-0.0236417630570405
"2023-12-06",-0.00368478907009973,-0.00391385194494376,0.00149582570101714,0.00415059912945992,-0.0144580831752299
"2023-12-07",0.00765302938737555,0.00793661068482265,0.00118267383521609,-0.00322649752257487,0.00484262447578776
"2023-12-08",0.00424835295533388,0.00408713414650386,0.00620157026328094,0.00245907470887108,0.0215062052209638
"2023-12-11",0.00432867280543547,0.00391681354778051,0.00351780725864526,0.00581662463189314,0
"2023-12-12",0.00401645633068348,0.00458881279569212,-0.000246509823612406,0.00213471681001964,-0.0071174677688639
"2023-12-13",0.0140773062511048,0.0135583451750207,0.00362907578961114,0.00152175544944422,-0.0388398333162641
"2023-12-14",0.00365663088016976,0.00264356518515463,-0.000368444857662631,0.0264078125118168,-0.0301530381706876
"2023-12-15",-0.00173026260689557,-7.62524004489507e-05,0.00697762292871129,-0.00223264731288531,-0.00255427980509659
"2023-12-18",0.00546931424343544,0.00451812226340031,0.00042691297997699,-0.00163984647134052,0.0101782049157562
"2023-12-19",0.00582059135355273,0.00584926745082015,0.00103591103665313,0.00639624108534464,-0.00507615303186082
"2023-12-20",-0.014643057232294,-0.0147931479653067,0.00310130996107016,0.00236974038701421,-0.0179722424044304
"2023-12-21",0.0100223836649667,0.0102487693072728,-0.00755726549296387,-0.00474487613684005,0.00774197415361555
"2023-12-22",0.00220276973663935,0.00165868215275999,0.00378577176221029,0.00267170427934316,0.00256739550524565
"2023-12-25",0,0,0,0,0
"2023-12-26",0.00467732278353417,0.00422276104697872,0,0,-0.00256739550524565
"2023-12-27",0.00171265229079509,0.00142943561642284,-0.00341879178024662,0.00973624430565323,-0.02604313853602
"2023-12-28",0.000570158526058684,0.000370106110327839,0.00360160526729469,0.000440207315218988,0.0131063475053006
"2023-12-29",-0.00314035007195645,-0.00283047703673489,-0.00225710091430731,0.000293248624291476,0.0103627870355465
"2024-01-01",0,0,0,0,0
"2024-01-02",-0.00688609049164146,-0.00567666079972184,0.00420506568666301,-0.00928442124884921,0.0178804252778486
"2024-01-03",-0.00935256951561669,-0.00804861832719794,-0.00469377570749252,-0.0113163966486156,-0.0101782049157562
"2024-01-04",-0.00310460796730272,-0.003434271663318,-0.000550049427853416,0.00418390896515364,0.0202538569044977
"2024-01-05",0.00126247852489936,0.00182402163943429,-0.00189708967122115,-0.00208988380017905,0.0149256502166757
"2024-01-08",0.0149306213463865,0.0140159454363538,0.0020804730997126,0.00179166323924829,-0.00992563979997008
"2024-01-09",-0.00200989296067622,-0.00147899385231831,0.00749018937581258,0.00134152688433664,0.00249066131245179
"2024-01-10",0.00563646311645538,0.00564998065049593,-0.000121370419382316,0.0010422189696655,0.00496278934212913
"2024-01-11",-0.000190623089731723,-0.00067128083696133,-0.00352542209826634,-0.00552091344011796,-0.0149628726767124
"2024-01-12",0.000857294328439728,0.000750693753033715,0.00691749980115031,0.00760233180824921,-0.00503779402995708
"2024-01-15",0,0,0.000725445088667342,-0.00133769080914403,0
"2024-01-16",-0.00343329676321869,-0.00373831905235633,0.00241411120074897,-0.00297835201558616,0.0273989741881144
"2024-01-17",-0.00536376475517919,-0.00563273127110797,-0.00659227843161059,-0.0103439164207417,0.00734397425575839
"2024-01-18",0.0084161822491664,0.00876672072624274,0.0039968783456974,0.00210726440272513,0.00970881412696079
"2024-01-19",0.0123049905946129,0.0122383082325488,0.0033184800776116,0.00569797141918338,0.00241254640538413
"2024-01-22",0.00253686714501455,0.00219192118723122,0.0112610049962534,0.0101161642161967,-0.00968530573446369
"2024-01-23",0.00243658915630274,0.00291711534076455,0.00130953126275379,-0.00415288004603154,0.00727275932907956
"2024-01-24",0.000374282771006484,0.000811598976216743,0.00533932159249506,0.009172900768045,0.00961545869944214
"2024-01-25",0.0055987340158774,0.00524657813497953,0.00419217525844751,-0.00561225107072127,-0.00961545869944214
"2024-01-26",-0.0013036821806951,-0.000651997755426237,0.00129542041510167,0.00737784673366271,0.00241254640538413
"2024-01-29",0.00788833095486741,0.00752836550524627,0.00387622289266165,-0.00176559566294143,-0.0170113458265366
"2024-01-30",-0.00101730343894957,-0.000600830396980001,0.00286804159763765,0.00558081429854784,-0.00491401480242915
"2024-01-31",-0.0165138184234239,-0.0162368517407323,-0.00621482754192382,0.00160971518076858,-0.017391742711869
"2024-02-01",0.0126199554270379,0.0124162861140498,-0.00377113989499644,-0.00601292669995779,-0.0305367238600818
"2024-02-02",0.0102584159846373,0.0106277707226319,0.0156394940088713,0.00454962499363409,0.0405118689169013
"2024-02-05",-0.00331559771214529,-0.00319142470928391,0.00168408937243836,-0.00631660751478913,0.0341496598521185
"2024-02-06",0.00285558487694626,0.00230774593174843,0.00226027727595657,0.00499788337855556,-0.0193710657559998
"2024-02-07",0.0082449563122271,0.0082076825940085,0.004159458309549,0.00511877214437106,0
"2024-02-08",0.00127651009273144,0.000570420540091376,0.000691534802991001,-0.000145858111506136,0.0145633641878966
"2024-02-09",0.0060860379358747,0.00572591712879422,0.00166926669171108,0.0030592475225415,0.00480770156810317
"2024-02-12",-0.000362247414121164,-0.000949404142652099,0.00819094387938613,0.00883362607309479,0
"2024-02-13",-0.0148773736902843,-0.013768609419845,-0.00974497195121238,-0.0177458657243492,0.0330218683049461
"2024-02-14",0.00979094256721247,0.00953416830421716,0.00143905617706253,0.00307706318010892,-0.00932407687512327
"2024-02-15",0.00626359221030359,0.00580437267404044,0.00476279312619798,0.010044491766827,-0.00705055799666665
"2024-02-16",-0.00526227780809219,-0.0048150435759613,0.0045124083917969,0.00606494147055203,0.0140517534556504
"2024-02-19",0,0,-0.00239643024549707,-0.00461763825594907,0
"2024-02-20",-0.00620502773618714,-0.0060234264658181,-0.00970130408548808,-0.00159201217536298,-0.0070011954589837
"2024-02-21",0.000640633550021974,0.00126340149510362,-0.0010966003585029,-0.00101480324910996,0.0116415750154859
"2024-02-22",0.0211790757060699,0.020902888666404,0.0167782897712145,0.0112475964662497,0.00231213975837963
"2024-02-23",-0.000537419002140993,0.000347887026501681,0.00379742655586224,0.00286374781911203,-0.0162983817331195
"2024-02-26",-0.0029614003758045,-0.00379393924466775,-0.00368392355419278,-0.000143071461291999,0.00468384931242638
"2024-02-27",0.00134719751417123,0.00170489553872066,-0.00147732574167936,-0.00100162374414392,0.00698489452195084
"2024-02-28",-0.00143703772283299,-0.00165953132111163,0.000568507214639524,-0.000858931700994603,-0.00932407687512327
"2024-02-29",0.00439445708325348,0.00521547045579851,0.0022706293144017,-0.00114710509974847,-0.00469484430420763
"2024-03-01",0.00970660273054325,0.00797593643338779,0.00700650097414712,0.00572095490235602,-0.0142182490022789
"2024-03-04",-0.00141894095856188,-0.00119397457496184,-0.000112643009376967,0.00370094519062381,0.00713439411387395
"2024-03-05",-0.0107067239431879,-0.010245406275919,-0.0068371885181131,-0.0079883649198984,-0.0215577210749791
"2024-03-06",0.0049215173090591,0.00512793285300184,0.0032266724559511,0.00314588898749601,-0.00485437846479808
"2024-03-07",0.0105660158074281,0.0102514022849842,0.00445481487967392,0.00867174196892639,-0.00487805845343292
"2024-03-08",-0.00691293326362086,-0.00654992299205048,0.000731206670288032,0.000707199962035165,0
"2024-03-11",-0.00115701345485686,-0.00112286826802865,-0.0068263881494417,-0.00695466082197393,0.00244200365555169
"2024-03-12",0.0111565350014207,0.0111395125866682,0.00845551853760895,0.00610582731086406,0.0145281005629099
"2024-03-13",-0.00176257825980919,-0.00192638400212175,0,0.00339157393215261,0.00718565966087459
"2024-03-14",-0.00282660310350824,-0.00287522105149485,0.000617270095808031,-0.00754054548842431,0.0235859990058791
"2024-03-15",-0.0071017312269559,-0.00650402285973861,-0.00602051093866685,-0.00916102538507291,0.00465117117573066
"2024-03-18",0.00657078323616478,0.0062981842384815,0.0089892782635923,0.00901833580924283,0.00693644399665727
"2024-03-19",0.00608825923448642,0.00563325304434237,0.00134148753271823,0.000855050656178857,-0.00925932541279684
"2024-03-20",0.00901967278215654,0.00886476551636051,0.00228752107289587,0.00227563889252691,-0.0070011954589837
"2024-03-21",0.00422458723739805,0.00323130909452907,0.0143855024495165,0.0149464729488153,0
"2024-03-22",-0.00209259636749159,-0.00140317183432614,-0.000494498981504776,-0.00744525682047481,-0.0117786991926125
"2024-03-25",-0.0031471622340451,-0.00305964038203221,-0.00302740325134909,-0.000846396186042764,0.00708385488840491
"2024-03-26",-0.0016649147766552,-0.0028037219828061,0.00225766826853047,0.00211453833021658,-0.00235571369245902
"2024-03-27",0.00812332976035179,0.00859359558270612,-0.000440126719610134,0.000703927224207312,-0.00947874395454362
"2024-03-28",8.71403509918878e-05,0.00111586270076103,0.00636283029599127,0.00533336358384373,0
"2024-03-29",0,0,0,0,0
"2024-04-01",-0.00191564830159763,-0.00201561452695742,0,0,0.0304830167250758
"2024-04-02",-0.00647041024186201,-0.00726538820367217,-0.00834575917172309,-0.0175096660630754,0.00690451534654457
"2024-04-03",0.00105224806646476,0.00109052752333838,0.000881805870313279,0.00483154793525786,0
"2024-04-04",-0.0115455481820739,-0.0124110356192624,0.000881028973743092,0.00410271139510909,-0.0115341532452868
"2024-04-05",0.00970366076667073,0.0110380501356993,-0.0071253777562692,-0.0120730997990504,0.0183913229714237
"2024-04-08",0.000526609595800309,-0.000374701190041904,0.00199358035852271,0.00626774808860464,0.0068104690025268
"2024-04-09",0.00201602527803324,0.00144444947363453,-0.00582567625042785,-0.00369895483910998,-0.0136676387286636
"2024-04-10",-0.0106520517995774,-0.00950198183221218,0.00466328672264726,-0.0094514201153002,0.042655175601916
"2024-04-11",0.00679178126095614,0.00741722198334216,0.00138370021123801,-0.00678548627422959,0.00219539056343554
"2024-04-12",-0.0145213068940517,-0.0146575878022475,0.00496549376927202,-0.00493761021392869,-0.0132452267500205
"2024-04-15",-0.0124749768971855,-0.0120941957874603,-0.00225903659881688,-0.00291608122262099,0.0284794713218686
"2024-04-16",-0.00235070103907997,-0.00205862452750338,-0.0157333979145866,-0.0139675501136112,0.00860220358266317
"2024-04-17",-0.00581029322320248,-0.0057973750760052,-0.00528122140130716,-0.0065361213354862,-0.0172790476083522
"2024-04-18",-0.0022787812000935,-0.00221060170048482,0.00236312584518217,0.00297628244417147,0.0108343421657102
"2024-04-19",-0.00815511330193708,-0.00879712965405588,-0.00982673235478337,-0.00446757656765584,-0.00431966114451643
"2024-04-22",0.00833749881958035,0.00869335115683789,0.00198444347768323,0.000298389995126325,0
"2024-04-23",0.0123323438591694,0.0118935665677231,0.0108723865263283,0.0162799725815246,-0.00216684808509027
"2024-04-24",0.000540606380069697,0.000212987377931739,0.000448139333956377,0.000733435230932056,0.00863936259070774
"2024-04-25",-0.0044233283483246,-0.0045869342701188,-0.0121705565479342,-0.00588502904293087,0.010695289116748
"2024-04-26",0.00981323889224672,0.0101573813323252,0.0178110358690855,0.0104223295956092,-0.00640343703520707
"2024-04-29",0.00348798299866449,0.00317340807663946,0.000334062122008483,0.00872344228022426,-0.00860220358266317
"2024-04-30",-0.015565555019605,-0.0158555511189284,-0.00267579728169665,-0.00784775716895725,0.0128757143600453
"2024-05-01",-0.00345171552814794,-0.00344135348563057,0,-0.00849821193277878,-0.0128757143600453
"2024-05-02",0.00977902865891345,0.00908702472508338,-0.007395361629432,0.00205798991704098,-0.0108578699720492
"2024-05-03",0.0127140317282866,0.0124785576595094,0.00812077463152505,0.0137088006312425,-0.0176216013498194
"2024-05-06",0.0102673959054647,0.0102731736912478,0.00755727433877151,0,-0.0022246950221112
"2024-05-07",0.00140790810535574,0.0013425282288253,0.00684105878062713,0.011377713525266,-0.00446429312868557
"2024-05-08",-0.000263814670387497,-5.83563519462871e-06,5.49495929904609e-05,-0.0050246731827106,0.00223463780141642
"2024-05-09",0.00622568102564536,0.00507803263910844,0.00214185430268365,0.00645568501790406,-0.00671895024874503
"2024-05-10",0.00192119994147344,0.00164804008016617,0.00334091618039878,0.00470798517341553,0.0111733005981254
"2024-05-13",-8.72627137118442e-05,-0.000241333173866209,-0.00158687429274984,0.00113781370815325,-0.00445435034938035
"2024-05-14",0.00539512755886573,0.00482614852745478,-0.000547828563927766,0.000994874124196965,-0.00671895024874503
"2024-05-15",0.0120762651565025,0.0116478277873,0.00726125443282122,0.0101737308461933,-0.0204320388172057
"2024-05-16",-0.00266147830783403,-0.00208383747408902,0.00407155630217737,0.00126451069671818,0.00457666702741166
"2024-05-17",0.00128878953411871,0.00116409568789422,-0.00314722614855878,-0.00196774494697127,0.00909097170125195
"2024-05-20",0.00111545729812246,0.000915970308490444,0.0056362240308685,0.00337084737197202,0.00451468035452685
"2024-05-21",0.00179943271313299,0.00249874976689313,-0.0022723495257555,-0.00337084737197202,-0.0067796869853789
"2024-05-22",-0.00351624801296158,-0.00270979120935166,0.000379124992662128,0,0.00452489459828964
"2024-05-23",-0.00698293893143198,-0.00740816228347185,0.000270703792270233,-0.00536044854618334,0.00898882456843308
"2024-05-24",0.00638155440145916,0.00697664907667317,-0.00368768275250719,-0.00254925915744497,-0.00223964259350473
"2024-05-27",0,0,0.00238768533405764,0,0
"2024-05-28",0.00034377878257974,0.000248770906885909,-0.00401893499288253,-0.00454793872772008,0.0177782460212839
"2024-05-29",-0.00707149970385057,-0.00739431721574313,-0.00387117224973732,-0.0131919719036064,0.0153008449553007
"2024-05-30",-0.00755762937173632,-0.00599295753575291,-0.00279006592948328,0.00317050456911749,-0.0131006240456981
"2024-05-31",0.00729792581992061,0.00799582423192824,-0.00659558828528262,-0.000575903191053051,-0.00883007944827208
"2024-06-03",0.00121117092904477,0.00111546022353437,0.0074170386889385,0.010882160657244,-0.0224224640558324
"2024-06-04",0.00043221060071641,0.00150168100378423,-0.00191768463933872,-0.00199568379875892,-0.0183071474443561
"2024-06-05",0.012197529939697,0.0117780158499556,0.0118848257712836,0.0121971365621221,-0.00928080907447293
"2024-06-06",-0.000341547770293715,-0.00019983660163625,0.00367842388982531,0.00365824754809729,-0.00233372334622017
"2024-06-07",-0.000854480168430705,-0.00111584205027881,0.00495529500778868,-0.00224961109274346,0.0344465744633389
"2024-06-10",0.0031576503818318,0.00257752997824134,0.00418208106323892,-0.00154979722936366,0.00898882456843308
"2024-06-11",0.00197987483677231,0.00270671485520957,-0.00144560844683106,-0.00636438071594236,-0.0180591815383975
"2024-06-12",0.00891158282315185,0.00846772024188702,0.00491741944149737,0.0185554804187169,-0.0183913229714237
"2024-06-13",0.00101330442166514,0.00234191143711726,-5.33726077742713e-05,-0.00775501511959753,-0.0163746348717899
"2024-06-14",0.000253329931997115,-0.00039393828099854,0.00276892767504666,-0.00212100162856377,-0.00947874395454362
"2024-06-17",0.00823590039488309,0.0076351643723207,0.000584751958828456,0.00296777037428475,0.0188684843043827
"2024-06-18",0.00300848496246608,0.00251815418151757,0.00540601417714903,0.00787209902948138,-0.014117881545785
"2024-06-19",0,0,0.00137330735324781,0.00349427147152559,0
"2024-06-20",-0.00292479179459715,-0.00252912739541244,0.00416134046129102,0.00167294058256351,0.00708385488840491
"2024-06-21",-0.00142373734999701,-0.00156335171882382,-0.00389743729490633,-0.00853338348759491,0
"2024-06-24",-0.00318968951431842,-0.00306987915586809,0.00210856115507596,0.0035060329773513,0
"2024-06-25",0.00369248173000791,0.00392587367918296,-0.000737498816151927,-0.00280368915786999,-0.00471698987813873
"2024-06-26",0.000920945134307516,0.00157119622472024,-0.000474376519070674,-0.00309343872627554,0.0210534091978323
"2024-06-27",0.00209012094509742,0.000906909856798421,-5.26955779402982e-05,0.00337388822609386,-0.0069686693160933
"2024-06-28",-0.00351385829509443,-0.00409201346236898,0.00378908570648306,0.00517972788374754,0.0161853244210175
"2024-07-01",0.00200939347981954,0.00267199098142967,-0.00584751084668333,-0.00602196918806186,0.0271509890659507
"2024-07-02",0.00658581342216191,0.00617620577118494,0.00158379846523804,0.00210460236224019,-0.0112234623698495
"2024-07-03",0.00480773909420762,0.0050715622695332,0.00316001124623799,0.0105969387128657,-0.0159275266961012
"2024-07-04",0,0,0.00225862390707388,0.00359965264952589,0
"2024-07-05",0.0052782757354155,0.00543397436096882,0.00036715223034367,0.000552818302707259,-0.0185190477672377
"2024-07-08",0.00172598709375293,0.00101618247640545,0.00178157846544025,0.0044099715725241,0
"2024-07-09",0.00114896271026144,0.000740797478064437,0.00162170315612453,-0.00110075145139499,0.00466201310581127
"2024-07-10",0.00922569316732869,0.0101563148781061,0.00386035340348911,0.0071331612523271,-0.00466201310581127
"2024-07-11",-0.00783236032297907,-0.00880164996926602,-0.00177182983959678,0.00531672984565601,-0.0188684843043827
"2024-07-12",0.0065311563280952,0.00550186402496422,0.00499476309112978,0.00879842277309084,-0.00477327875265776
"2024-07-15",0.00170740028964111,0.00282221642335401,0,0.000673767601920172,0.0118907465215217
"2024-07-16",0.00784888782747828,0.00636904997145216,0.00150399898446008,-0.00202224559320863,-0.0142859572474765
"2024-07-17",-0.0150232143199709,-0.0140254415236445,-0.0105231450445826,-0.00514132957576408,-0.00240096153753822
"2024-07-18",-0.0086281206398171,-0.00784711214535072,-0.0057772788625936,-0.00666903090261517,0.00956945101615081
"2024-07-19",-0.00654122776963373,-0.00716587922640599,-0.0058638831293738,-0.0127809375009371,0.0118344576470026
"2024-07-22",0.0108235061319153,0.0107342172462204,0.00465160804171472,0.00510447972139172,0.00235017734495369
"2024-07-23",-0.00189185165333594,-0.00155931769394613,0.00944791346282248,0.00562601599796686,-0.00235017734495369
"2024-07-24",-0.0224803872304067,-0.0234212422228932,-0.0174961884468878,-0.0185061889857212,0.00703402665738007
"2024-07-25",-0.00531891299363174,-0.00515588901971675,-0.00522367257386147,-0.00545112837919204,-0.00233918235317243
"2024-07-26",0.0125344363053603,0.0110294204095709,0.00197544377192482,0.00307861164778167,-0.0165293019512103
"2024-07-29",-8.37323278997104e-05,0.00081297957182791,0.0018649771905368,0.00125672021746137,-0.00716848947861259
"2024-07-30",-0.00477672054997935,-0.00497251436136636,0.000798282002548056,0.000557890865277688,-0.00480770156810317
"2024-07-31",0.0168266552464562,0.0156699807019169,0.0147321261721949,0.0174208155163909,-0.0145633641878966
"2024-08-01",-0.0148126708388894,-0.0137881237919899,-0.00985019476434434,-0.0151917086619884,-0.0247537391529382
"2024-08-02",-0.0198982295422407,-0.0185529066085532,-0.040952144790384,-0.037429836420765,-0.0487901641694322
"2024-08-05",-0.0302132204411079,-0.030427041392393,-0.0227574203516117,-0.0127946680173685,-0.00527705710084381
"2024-08-06",0.0102601777203759,0.0103008494935999,0.00887447872678848,0.0064175702267395,0.0312525435041044
"2024-08-07",-0.00761937890589426,-0.00776471538877033,0.0138278223275048,0.0131441325577337,0.0152674721307886
"2024-08-08",0.0237165773937864,0.022781139590899,0,-0.0044582687835053,0.00754720563538291
"2024-08-09",0.0038558442328398,0.00466079843438116,0.00401792491820707,0.00431480315348143,-0.0126105075919296
"2024-08-12",0.000854920242167267,4.3033051721153e-05,0.00164655934138391,0.00172078879619875,-0.0102041701742419
"2024-08-13",0.0168611679574937,0.0167072334190497,0.00976838381897327,0.0135182310571169,-0.0129034048359078
"2024-08-14",0.00318774489031259,0.00381643656119834,0.00249502058712192,0.00802436690222663,-0.00520834510713808
"2024-08-15",0.0169411148141618,0.016004489931305,0.0174524493791939,0.0158578930449647,0.0232268506098163
"2024-08-16",0.0016454979338878,0.00198780236839546,0.001170468386686,0.00165460901698777,-0.00768249617201611
"2024-08-19",0.0100609745317328,0.00967532743617738,0.00292011033060735,0.0097349152998607,-0.00774197415361555
"2024-08-20",-0.00203669609159451,-0.00198652723760873,-0.00222917229292818,0.00122713879956793,-0.0104167608582557
"2024-08-21",0.00447534429451402,0.00423071472100567,0.000956014378910908,0.00462278483094458,-0.00788440352414876
"2024-08-22",-0.00888888987623737,-0.00897294225665668,0.00164424442365263,-0.00108581174665057,0.0183011643824045
"2024-08-23",0.0113216685673123,0.0114179374016636,0.000317918390795313,0.00851864099740407,-0.0130379943381298
"2024-08-26",-0.00291996959021024,-0.00315871016960578,-0.000689004900430668,0,0.00262123347987409
"2024-08-27",0.00113649395388293,0.00159392511272394,0.000636052468880877,-0.0049940285698078,0.00261438057407104
"2024-08-28",-0.00561408751313408,-0.00599390079473494,-0.000318016099727814,-0.0012188152288215,0.00260756340708079
"2024-08-29",0.000570990239836533,-3.93798434377146e-05,0.0112257361494343,0.00513528718103862,0.00778214044205483
"2024-08-30",0.00965721848443035,0.0100424570791446,-0.00341231343730986,-0.00310510415859344,0.0102828669555841
"2024-09-02",0,0,0.00618608880076277,0.00593178053017551,0
"2024-09-03",-0.0207269469171845,-0.0213779633723981,-0.00982122402374763,-0.0110828674971679,-0.0180650073976389
"2024-09-04",-0.0034690979419647,-0.00160382902738121,-0.0118394613175701,-0.0081878192487661,-0.0183973651397162
"2024-09-05",-0.00231937142471317,-0.00302258101467423,-0.00691344181005871,-0.00880838464153877,-0.0106667678041952
"2024-09-06",-0.0163040890932091,-0.0174109445074233,-0.0124460649281897,-0.0116796707948286,-0.00268456537066886
"2024-09-09",0.011399023926824,0.0115135344358173,0.0111546143262107,0.0076630541048166,-0.00539084863487638
"2024-09-10",0.00432430006889106,0.00446269997779503,0.00188283586141669,0.00484601264758933,-0.0136056520557788
"2024-09-11",0.0105656590801688,0.0106085556498421,-0.00495689687644241,-0.00609603425096905,0
"2024-09-12",0.00874712239115283,0.00746735215680339,0.0184630347635464,0.0204478502889858,0.00818558458643959
"2024-09-13",0.00576222018995587,0.00539314223435561,0.0072908442768167,0.0119439065085545,-0.00544960476756473
"2024-09-16",0.00218262988858964,0.00125584086731045,-0.00427293424719988,0.00148292894064594,-0.00823049913651563
"2024-09-17",0.00072648593983704,0.000264515093896023,0.00590342801325594,0.00604384490604382,0.00549451931764078
"2024-09-18",-0.0029899825484021,-0.00290065870831313,-0.00511079502330336,-0.00712219675367143,0.0136056520557788
"2024-09-19",0.0173303542592347,0.0168343568927263,0.0139532460528224,0.0165845530415725,0.00807541400554523
"2024-09-20",-0.00286751212262537,-0.00194291363001575,-0.00637544601373463,-0.0116072076408917,0
"2024-09-23",0.00286751212262537,0.0028053344257124,0.00658375523151911,0.00668723569743612,0.00534760632659537
"2024-09-24",0.00238343115181916,0.0025080311033463,0.000364536049684006,0.00306137398717166,-0.00267022855587884
"2024-09-25",-0.00184108010745199,-0.00186298320621248,0.000416415943509385,0.00291922270553036,0.0132804076678943
"2024-09-26",0.0042192136602992,0.00403054215819942,0.00249478156282468,0.00475883697866752,0
"2024-09-27",-0.00166964098045419,-0.00125400290007249,0.00357542386344356,0.00223932670199156,-0.0106101791120154
"2024-09-30",0.00404993790943209,0.00422760365844077,-0.00310835927270237,-0.00567406553729288,0.0158733491562901
"2024-10-01",-0.00963566892913903,-0.0093678486944544,0.00196975435043178,-0.0078379440556815,-0.018543577712169
"2024-10-02",8.00481431051381e-05,0.000138381326987513,0.00377307972255991,0.000933284330280948,0.0132804076678943
"2024-10-03",-0.00184210874234747,-0.00168282865445946,-0.00237586731060269,-0.00507633797198315,0.0157071292053579
"2024-10-04",0.00917624206835388,0.00893025569918571,0.00618620865234032,0.000133918516870057,0.0332086709966535
"2024-10-07",-0.00877542193864755,-0.00963226382938842,0.00307877323028372,0.00294167912031362,0.0124845566622453
"2024-10-08",0.00956939893704689,0.00964270680469426,-0.000512431959831972,0.000667254644307391,0.00247831601446702
"2024-10-09",0.00695988671518943,0.0070882310169953,0.00730355241803871,0.00598616520683315,0.00493828164058252
"2024-10-10",-0.00165647088294296,-0.00207226850598197,0.00218583357029267,-0.00212424466685457,0.00736199644106916
"2024-10-11",0.00566798547049618,0.0060336087072983,0.00364927525899716,0.00371434351344613,-0.00244798163864002
"2024-10-14",0.00836435001864277,0.00767811457459366,0.00801191619497033,0.00528262021297499,0
"2024-10-15",-0.00781503003629425,-0.00763856603751378,-0.00241191877332092,-0.00501781509523624,-0.0123306124574787
"2024-10-16",0.00414945219991125,0.00466823278278028,0,-0.00358069599332467,-0.00248447332766211
"2024-10-17",-0.000781566751904883,-0.000171175128537371,0.00851621680858727,0.00463931855777844,0.0172630674237808
"2024-10-18",0.00359043796537861,0.00396368694277349,-0.00109802975712192,-0.000396916390386082,-0.00244798163864002
"2024-10-21",-0.00202779374358908,-0.0018244327564183,-0.00410332510910116,-0.00850277534523114,0.0266037455179762
"2024-10-22",-0.00187546630281066,-0.000474966667196597,0.00145313090511312,-0.00106798729935731,0.00238379135527622
"2024-10-23",-0.00864105823700001,-0.00923382426767994,-0.00366179193367966,-0.00683525944870222,0.00947874395454362
"2024-10-24",0.00260017272197732,0.00214347313055718,-0.00105592041191738,0.00603362365769877,-0.00710062154957636
"2024-10-25",-7.86642697558904e-05,-0.000299492013185798,0.0034150692350563,0.0050665517296955,0.00945633524203537
"2024-10-28",0.00314284916214103,0.00264793462673296,-0.000702138474706793,-0.00133089799714936,0.00703402665738007
"2024-10-29",0.00109777110733322,0.00161282594490153,0.00110307367940354,-0.00373565373254614,0
"2024-10-30",-0.00290368094735705,-0.00330569167248917,-0.00482263301244767,0.000668160942303153,0.00233372334622017
"2024-10-31",-0.0208862214478973,-0.0187901349287447,-0.0176797719130866,-0.0169748781596524,-0.00233372334622017
"2024-11-01",0.00631982534204489,0.00408415800452566,0.00776062819192269,0.00650080197495484,0.0208099995137934
"2024-11-04",-0.00167609924137135,-0.00281604481319064,-0.00852980733047293,-0.00243285103685142,-0.0138251049918425
"2024-11-05",0.0120684727021789,0.0121910310295625,0.00526949163262547,0.00768360235050647,-0.0116687438343772
"2024-11-06",0.0243248677739976,0.0249812809571868,0.0301560700383421,0.013471230378908,0.0368705358083277
"2024-11-07",0.00889526475482505,0.00740375417399619,0.00651407419988725,0.0127690657318027,-0.0252017919739504
"2024-11-08",0.00449384374847117,0.00374979403571807,0.00686274211339555,0.00482826726626007,-0.00232288141613957
"2024-11-11",0.00242894436373042,0.000968594190956296,0.0111250316992031,0.00829655161262144,0
"2024-11-12",-0.00364569155784178,-0.00289685147693675,-0.00367847935902166,-0.00790609029141942,0.0297845613575276
"2024-11-13",0.00038030407674583,0.000232200764141766,0.00358183102511411,-0.00143223497671796,0.00225479238708926
"2024-11-14",-0.00579752305023096,-0.00606810858224449,-0.000579938709713623,0.00130209814225379,-0.00225479238708926
"2024-11-15",-0.0139441451475308,-0.0132914308667935,-0.0125023266105782,-0.015475671836203,0
"2024-11-18",0.00410325178961823,0.00391015974620679,0.00259111237414533,0.0046153570249361,-0.00225988796743759
"2024-11-19",0.0034708311087579,0.00395575052059627,-0.00122138912993552,-0.000394674920291216,-0.0068104690025268
"2024-11-20",0.000769715598379683,2.19506213348097e-05,0.000781878766311195,-0.0051463357678192,0.00454546237167475
"2024-11-21",0.00697669069905782,0.00532625184428781,0.0134399743983877,0.0135341234664428,0.00452489459828964
"2024-11-22",0.00259397347253021,0.00346195959153661,0.0108808216148208,0.00364776912693587,-0.00452489459828964
"2024-11-25",0.00395496958867625,0.00301592782012605,-0.0018609954518185,0.00622229736345004,-0.0322608622182217
"2024-11-26",0.00461938854082788,0.00570569715526226,0.00114566576859509,-0.00492280556161528,0.0070011954589837
"2024-11-27",-0.00393658861103585,-0.00380848108357768,-0.00833580332665473,-0.000389700545652794,-0.0116960397631913
"2024-11-28",0,0,0.00479916467228758,0.00479552452684429,0
"2024-11-29",0.00665255490174932,0.0055921203968019,0.00377516300137692,0.00477273717540205,-0.0166077363996604
"2024-12-02",0.00128011942993211,0.00244546388058176,0.00826485607293392,0.00167134996163298,0.00238948739738154
"2024-12-03",0.00105267146076571,0.000451347242021782,-0.000662468171152675,0.000770742710186845,0.00950125912414013
"2024-12-04",0.0076383634053947,0.00603318162813693,0.0030720971208078,0.00422730707357033,-0.00950125912414013
"2024-12-05",-0.00253945058457994,-0.00187152583938222,-0.000849815624883732,0.00293554454667966,-0.00478469812333637
"2024-12-06",0.00253945058457994,0.0024923453675374,0.000236136349265337,-0.000637394743467912,-0.00480770156810317
"2024-12-09",-0.00568573872801892,-0.00616316728522648,-0.00321601047110676,-0.0029376177749505,0.0119761910467158
"2024-12-10",-0.00405942739468301,-0.00296828431427976,0.00151468391258547,-0.00435858181201842,0.00475060275859773
"2024-12-11",0.00810267422905575,0.0081326264113688,0.00598905032538877,0.00230995031583348,0.00943403223335859
"2024-12-12",-0.00501884962583876,-0.00542873146146405,-0.00188248518717327,-0.00137912649754357,0.0139862419747399
"2024-12-13",-0.000676029108745979,-2.64669893716984e-05,-0.00481627628309145,-0.00775395279997237,0.0183491386681967
"2024-12-16",0.00412432442582933,0.00379215500878516,0.00132443505688506,0.00155554771214206,-0.00227531383713564
"2024-12-17",-0.00505732375379164,-0.00387147948065625,-0.00269806958866781,-0.00337336659525844,0.00227531383713564
"2024-12-18",-0.0311111104531685,-0.0299365053045175,0.00184680719284902,0.00311432681042767,0.0224728558520586
"2024-12-19",-0.00101230622265813,-0.00086548675053777,-0.0158797925630925,-0.0291857570392842,0.0154358081298391
"2024-12-20",0.012311862152723,0.010810479402398,0.0014410063458703,0.000533556356837828,-0.0110012110619735
"2024-12-23",0.00613778231342543,0.00726084958561657,-0.00187369146525995,-0.00427571712893471,0.0153680302283139
"2024-12-24",0.0110296896305071,0.0109822331651266,0.00847566201148453,0.00720489025057658,0
"2024-12-25",0,0,0,0,0
"2024-12-26",-0.000151375340006865,-0.000405741088258083,0,0,-0.00218102594636016
"2024-12-27",-0.0108783142905002,-0.0111173049649125,-0.00353478036335275,0.00079705109742445,0.00869570696755395
"2024-12-30",-0.0106113113599706,-0.0107596739417293,-0.00532567234395387,-0.0121617349161167,-0.0152674721307884
"2024-12-31",0,0,0,0,0.00657176516323443
