"","ESGU","GSPC","IWDA","SUWS","Rate_10Y"
"2020-01-02",66.1682510375977,3257.85009765625,56.7150001525879,5.5635027885437,1.88
"2020-01-03",65.7867050170898,3234.85009765625,56.685001373291,5.53609085083008,1.8
"2020-01-06",65.9898834228516,3246.28002929688,56.5299987792969,5.5246696472168,1.81
"2020-01-07",65.8197937011719,3237.17993164062,56.9000015258789,5.54065942764282,1.83
"2020-01-08",66.1691665649414,3253.05004882812,57.0800018310547,5.54637145996094,1.87
"2020-01-09",66.6279449462891,3274.69995117188,57.4650001525879,5.57492637634277,1.85
"2020-01-10",66.3990173339844,3265.35009765625,57.4199981689453,5.58406209945679,1.83
"2020-01-13",67.003059387207,3288.1298828125,57.375,5.58863115310669,1.85
"2020-01-14",66.932258605957,3283.14990234375,57.5849990844727,5.60462236404419,1.82
"2020-01-15",67.042610168457,3289.2900390625,57.6100006103516,5.62518119812012,1.79
"2020-01-16",67.6310043334961,3316.81005859375,57.8450012207031,5.63888740539551,1.81
"2020-01-17",67.8516616821289,3329.6201171875,58.2999992370605,5.65944576263428,1.84
"2020-01-20",67.8516616821289,3329.6201171875,58.375,5.6640157699585,1.84
"2020-01-21",67.768928527832,3320.7900390625,58.2949981689453,5.6640157699585,1.78
"2020-01-22",67.8148880004883,3321.75,58.4000015258789,5.67315101623535,1.77
"2020-01-23",67.8884353637695,3325.5400390625,58.185001373291,5.62518119812012,1.74
"2020-01-24",67.3000183105469,3295.46997070312,58.4700012207031,5.65030860900879,1.7
"2020-01-27",66.2978820800781,3243.6298828125,57.2299995422363,5.53837490081787,1.61
"2020-01-28",66.9782333374023,3276.23999023438,57.8349990844727,5.58977270126343,1.65
"2020-01-29",66.9046859741211,3273.39990234375,58,5.60462236404419,1.6
"2020-01-30",67.2172698974609,3283.65991210938,57.3499984741211,5.56807231903076,1.57
"2020-01-31",65.9944610595703,3225.52001953125,56.689998626709,5.52809715270996,1.51
"2020-02-03",66.5920791625977,3248.919921875,57.0499992370605,5.55893468856812,1.54
"2020-02-04",67.6585922241211,3297.59008789062,58.0800018310547,5.6640157699585,1.61
"2020-02-05",68.29296875,3334.68994140625,58.6100006103516,5.70399141311646,1.66
"2020-02-06",68.4492797851562,3345.78002929688,59.0499992370605,5.73368740081787,1.65
"2020-02-07",68.1918487548828,3327.7099609375,59.0250015258789,5.70399141311646,1.59
"2020-02-10",68.6515502929688,3352.09008789062,59.1650009155273,5.70056343078613,1.56
"2020-02-11",68.817024230957,3357.75,59.6049995422363,5.7496771812439,1.59
"2020-02-12",69.2215576171875,3379.44995117188,59.9449996948242,5.75653076171875,1.62
"2020-02-13",69.1663970947266,3373.93994140625,60.1599998474121,5.75081920623779,1.61
"2020-02-14",69.3043060302734,3380.15991210938,60.1599998474121,5.75538921356201,1.59
"2020-02-17",69.3043060302734,3380.15991210938,60.3450012207031,5.77594661712646,1.59
"2020-02-18",69.1480026245117,3370.2900390625,59.9500007629395,5.73368740081787,1.55
"2020-02-19",69.4882125854492,3386.14990234375,60.564998626709,5.78965330123901,1.56
"2020-02-20",69.2215576171875,3373.22998046875,59.9049987792969,5.74054002761841,1.52
"2020-02-21",68.440071105957,3337.75,59.5299987792969,5.72683334350586,1.46
"2020-02-24",66.2335205078125,3225.88989257812,57.5449981689453,5.55436706542969,1.38
"2020-02-25",64.2475967407227,3128.2099609375,56.5900001525879,5.47555637359619,1.33
"2020-02-26",63.9809951782227,3116.38989257812,56.3950004577637,5.46299457550049,1.33
"2020-02-27",61.1216583251953,2978.76000976562,53.9449996948242,5.28138828277588,1.3
"2020-02-28",60.726318359375,2954.21997070312,51.7849998474121,5.04610157012939,1.13
"2020-03-02",63.3833923339844,3090.22998046875,52.3699989318848,5.20714712142944,1.1
"2020-03-03",61.7192573547363,3003.3701171875,52.9700012207031,5.2528338432312,1.02
"2020-03-04",64.3027725219727,3130.1201171875,53.4300003051758,5.31793880462646,1.02
"2020-03-05",62.2709083557129,3023.93994140625,53.0400009155273,5.33164310455322,0.92
"2020-03-06",61.038932800293,2972.3701171875,50.8199996948242,5.14889669418335,0.74
"2020-03-09",56.4143447875977,2746.56005859375,47.7200012207031,4.8964786529541,0.54
"2020-03-10",59.1541404724121,2882.22998046875,47.1800003051758,4.83594131469727,0.76
"2020-03-11",56.3223838806152,2741.3798828125,47.2649993896484,4.77426528930664,0.82
"2020-03-12",50.8611602783203,2480.63989257812,43.0449981689453,4.31691074371338,0.88
"2020-03-13",55.6880149841309,2711.02001953125,43.7550010681152,4.33340883255005,0.94
"2020-03-16",49.0039749145508,2386.1298828125,42.4000015258789,4.2797908782959,0.73
"2020-03-17",52.2218780517578,2529.18994140625,43.2099990844727,4.28987264633179,1.02
"2020-03-18",49.537223815918,2398.10009765625,41.6500015258789,4.08823251724243,1.18
"2020-03-19",49.7578773498535,2409.38989257812,42.3650016784668,4.14964294433594,1.12
"2020-03-20",47.496166229248,2304.919921875,42.625,4.13681077957153,0.92
"2020-03-23",45.9515686035156,2237.39990234375,40.1949996948242,3.94067120552063,0.76
"2020-03-24",50.4060707092285,2447.330078125,43.564998626709,4.2573356628418,0.84
"2020-03-25",51.0573310852051,2475.56005859375,44.7849998474121,4.39619207382202,0.88
"2020-03-26",53.9210472106934,2630.07006835938,45.5800018310547,4.5611686706543,0.83
"2020-03-27",52.3875770568848,2541.46997070312,44.4900016784668,4.4653902053833,0.72
"2020-03-30",54.1427574157715,2626.64990234375,45.4500007629395,4.57881259918213,0.7
"2020-03-31",53.1081237792969,2584.59008789062,46.1399993896484,4.61478662490845,0.7
"2020-04-01",50.8818168640137,2470.5,44.189998626709,4.40673160552979,0.62
"2020-04-02",52.0457572937012,2526.89990234375,44.5900001525879,4.40489912033081,0.63
"2020-04-03",51.3113594055176,2488.64990234375,44.4300003051758,4.38290166854858,0.62
"2020-04-06",54.7524528503418,2663.67993164062,46.2949981689453,4.59026956558228,0.67
"2020-04-07",54.8448181152344,2659.40991210938,47.7000007629395,4.74768543243408,0.75
"2020-04-08",56.6000137329102,2749.97998046875,47.6949996948242,4.71675109863281,0.77
"2020-04-09",57.6346473693848,2789.82006835938,48.6599998474121,4.84277582168579,0.73
"2020-04-10",57.6346473693848,2789.82006835938,48.6599998474121,4.84277582168579,0.73
"2020-04-13",56.9879989624023,2761.6298828125,48.6599998474121,4.84277582168579,0.76
"2020-04-14",58.7986145019531,2846.06005859375,49.0400009155273,4.88631200790405,0.76
"2020-04-15",57.4498901367188,2783.36010742188,48.189998626709,4.79236555099487,0.63
"2020-04-16",57.8009223937988,2799.55004882812,48.6949996948242,4.82788324356079,0.61
"2020-04-17",59.2697410583496,2874.56005859375,49.435001373291,4.91037130355835,0.65
"2020-04-20",58.3644332885742,2823.15991210938,49.7849998474121,4.96078205108643,0.63
"2020-04-21",56.424488067627,2736.56005859375,47.8450012207031,4.75685024261475,0.58
"2020-04-22",57.8009223937988,2799.31005859375,48.9099998474121,4.83475732803345,0.63
"2020-04-23",57.763973236084,2797.80004882812,49.5699996948242,4.89662313461304,0.61
"2020-04-24",58.5953750610352,2836.73999023438,49.0900001525879,4.82788324356079,0.6
"2020-04-27",59.4729652404785,2878.47998046875,50.2249984741211,4.95161581039429,0.67
"2020-04-28",59.1496353149414,2863.38989257812,50.5800018310547,4.98254871368408,0.62
"2020-04-29",60.8216857910156,2939.51000976562,51.5499992370605,5.07305765151978,0.63
"2020-04-30",60.1657943725586,2912.42993164062,50.5149993896484,5.01921224594116,0.64
"2020-05-01",58.5953750610352,2830.7099609375,50.5149993896484,4.89547777175903,0.64
"2020-05-04",58.8355674743652,2842.73999023438,48.939998626709,4.85423421859741,0.64
"2020-05-05",59.334400177002,2868.43994140625,50.4850006103516,4.95619869232178,0.66
"2020-05-06",59.0203170776367,2848.419921875,50.2849998474121,4.929847240448,0.72
"2020-05-07",59.7962913513184,2881.18994140625,50.8349990844727,4.97567462921143,0.63
"2020-05-08",60.8124504089355,2929.80004882812,51.1100006103516,4.97567462921143,0.69
"2020-05-11",60.9048194885254,2930.18994140625,51.2999992370605,5.03639459609985,0.73
"2020-05-12",59.6484870910645,2870.1201171875,51.1650009155273,5.06732845306396,0.69
"2020-05-13",58.5861320495605,2820,50,4.94474172592163,0.64
"2020-05-14",59.334400177002,2852.5,49.4049987792969,4.85881614685059,0.63
"2020-05-15",59.6300086975098,2863.69995117188,49.8250007629395,4.91266393661499,0.64
"2020-05-18",61.3944358825684,2953.90991210938,51.5499992370605,5.11315584182739,0.73
"2020-05-19",60.7015953063965,2922.93994140625,51.3549995422363,5.10399055480957,0.7
"2020-05-20",61.7639427185059,2971.61010742188,51.5299987792969,5.14179849624634,0.68
"2020-05-21",61.3020553588867,2948.51000976562,51.0250015258789,5.06389141082764,0.68
"2020-05-22",61.4683303833008,2955.44995117188,51.1800003051758,5.06962156295776,0.66
"2020-05-25",61.4683303833008,2955.44995117188,52.1150016784668,5.06962156295776,0.66
"2020-05-26",62.253547668457,2991.77001953125,52.1800003051758,5.19679069519043,0.69
"2020-05-27",63.1773300170898,3036.1298828125,52.060001373291,5.17273139953613,0.68
"2020-05-28",63.0757179260254,3029.72998046875,52.7849998474121,5.30104827880859,0.7
"2020-05-29",63.2697067260742,3044.31005859375,51.7700004577637,5.21283006668091,0.65
"2020-06-01",63.6669273376465,3055.72998046875,52.5400009155273,5.29417419433594,0.66
"2020-06-02",64.1750030517578,3080.82006835938,52.6800003051758,5.33312654495239,0.68
"2020-06-03",65.0248794555664,3122.8701171875,53.5,5.43738317489624,0.77
"2020-06-04",64.766242980957,3112.35009765625,53.0400009155273,5.42248964309692,0.82
"2020-06-05",66.299674987793,3193.92993164062,54.4749984741211,5.54278469085693,0.91
"2020-06-08",67.131103515625,3232.38989257812,54.5149993896484,5.53018283843994,0.88
"2020-06-09",66.73388671875,3207.17993164062,54.1150016784668,5.52445459365845,0.84
"2020-06-10",66.3274002075195,3190.13989257812,53.8650016784668,5.51872634887695,0.75
"2020-06-11",62.586124420166,3002.10009765625,51.9300003051758,5.34372806549072,0.66
"2020-06-12",63.352840423584,3041.31005859375,51.8950004577637,5.25963830947876,0.71
"2020-06-15",64.0158081054688,3066.59008789062,51.5349998474121,5.24811792373657,0.71
"2020-06-16",65.1377410888672,3124.73999023438,53.2999992370605,5.4162974357605,0.75
"2020-06-17",64.9615783691406,3113.48999023438,53.5699996948242,5.42436218261719,0.74
"2020-06-18",65.045036315918,3115.34008789062,53.3549995422363,5.412841796875,0.71
"2020-06-19",64.6926727294922,3097.73999023438,53.7900009155273,5.44970417022705,0.7
"2020-06-22",65.1470336914062,3117.86010742188,53.125,5.412841796875,0.71
"2020-06-23",65.4159240722656,3131.2900390625,53.6100006103516,5.50153970718384,0.72
"2020-06-24",63.7654495239258,3050.330078125,52.2099990844727,5.33911991119385,0.69
"2020-06-25",64.4979629516602,3083.76000976562,52.4700012207031,5.32875204086304,0.68
"2020-06-26",63.0143966674805,3009.05004882812,52.2200012207031,5.30917072296143,0.64
"2020-06-29",63.8303489685059,3053.23999023438,52.2900009155273,5.35063934326172,0.64
"2020-06-30",64.8966903686523,3100.2900390625,52.7000007629395,5.39901971817017,0.66
"2020-07-01",65.2861404418945,3115.86010742188,53.0250015258789,5.4151463508606,0.69
"2020-07-02",65.6013565063477,3130.01000976562,53.8450012207031,5.50153970718384,0.68
"2020-07-03",65.6013565063477,3130.01000976562,53.4949989318848,5.46352767944336,0.68
"2020-07-06",66.7233123779297,3179.71997070312,54.1800003051758,5.56950235366821,0.69
"2020-07-07",66.0371856689453,3145.32006835938,54.1450004577637,5.5648946762085,0.65
"2020-07-08",66.574951171875,3169.93994140625,53.5349998474121,5.51190662384033,0.67
"2020-07-09",66.2596893310547,3152.05004882812,53.3450012207031,5.48656511306763,0.62
"2020-07-10",66.9272994995117,3185.0400390625,53.810001373291,5.53955316543579,0.65
"2020-07-13",66.2040634155273,3155.21997070312,54.6349983215332,5.65704822540283,0.64
"2020-07-14",67.1155395507812,3197.52001953125,53.6199989318848,5.56259107589722,0.63
"2020-07-15",67.7618255615234,3226.56005859375,54.4449996948242,5.6731743812561,0.64
"2020-07-16",67.5207138061523,3215.57006835938,54.0999984741211,5.6409215927124,0.62
"2020-07-17",67.715461730957,3224.72998046875,54.2900009155273,5.66280794143677,0.64
"2020-07-20",68.3552474975586,3251.84008789062,54.5750007629395,5.69045305252075,0.62
"2020-07-21",68.3830642700195,3257.30004882812,54.9300003051758,5.75611209869385,0.61
"2020-07-22",68.8188552856445,3276.02001953125,54.310001373291,5.74459362030029,0.6
"2020-07-23",67.9565277099609,3235.65991210938,54.4249992370605,5.76763153076172,0.59
"2020-07-24",67.4651031494141,3215.6298828125,53.375,5.68584632873535,0.59
"2020-07-27",67.9843444824219,3239.40991210938,53.0250015258789,5.72155475616455,0.62
"2020-07-28",67.5207138061523,3218.43994140625,53.3899993896484,5.74228954315186,0.59
"2020-07-29",68.4386825561523,3258.43994140625,53.2599983215332,5.76532697677612,0.58
"2020-07-30",68.1883392333984,3246.21997070312,52.7299995422363,5.68123865127563,0.55
"2020-07-31",68.7446746826172,3271.1201171875,52.560001373291,5.66511106491089,0.55
"2020-08-03",69.2732009887695,3294.61010742188,53.7050018310547,5.75611209869385,0.56
"2020-08-04",69.5328140258789,3306.51000976562,53.7299995422363,5.76072025299072,0.52
"2020-08-05",69.9593353271484,3327.77001953125,53.6599998474121,5.82292222976685,0.55
"2020-08-06",70.4044342041016,3349.15991210938,53.6800003051758,5.78375911712646,0.55
"2020-08-07",70.4229354858398,3351.28002929688,54.1399993896484,5.80218887329102,0.57
"2020-08-10",70.5156936645508,3360.46997070312,54.2849998474121,5.80679702758789,0.59
"2020-08-11",69.9130020141602,3333.68994140625,54.7400016784668,5.8574800491333,0.64
"2020-08-12",70.9885864257812,3380.35009765625,55.0050010681152,5.91046857833862,0.69
"2020-08-13",70.9514770507812,3373.42993164062,54.8699989318848,5.92544507980347,0.71
"2020-08-14",70.9422073364258,3372.85009765625,54.6800003051758,5.90586185455322,0.71
"2020-08-17",71.2110977172852,3381.98999023438,54.7150001525879,5.95308923721313,0.69
"2020-08-18",71.4234313964844,3389.78002929688,54.5200004577637,5.96115303039551,0.67
"2020-08-19",71.1369018554688,3374.85009765625,54.8300018310547,5.96576118469238,0.68
"2020-08-20",71.4243545532227,3385.51000976562,54.5999984741211,5.92659616470337,0.65
"2020-08-21",71.6932373046875,3397.15991210938,54.9249992370605,5.92083644866943,0.64
"2020-08-24",72.2959594726562,3431.28002929688,55.4300003051758,5.97267198562622,0.65
"2020-08-25",72.611213684082,3443.6201171875,55.4700012207031,5.99110269546509,0.69
"2020-08-26",73.4364395141602,3478.72998046875,55.8849983215332,6.05676078796387,0.69
"2020-08-27",73.5569763183594,3484.55004882812,56.2799987792969,6.08325529098511,0.74
"2020-08-28",74.0112991333008,3508.01000976562,55.8400001525879,6.08786344528198,0.74
"2020-08-31",73.8815002441406,3500.31005859375,55.625,6.08786344528198,0.72
"2020-09-01",74.5769348144531,3526.64990234375,55.8199996948242,6.09938335418701,0.68
"2020-09-02",75.6247100830078,3580.84008789062,56.810001373291,6.14546012878418,0.66
"2020-09-03",72.7966461181641,3455.06005859375,55.7599983215332,6.0360279083252,0.63
"2020-09-04",72.1383361816406,3426.9599609375,54.5849990844727,5.87591123580933,0.72
"2020-09-07",72.1383361816406,3426.9599609375,55.3600006103516,5.98419094085693,0.72
"2020-09-08",70.0520782470703,3331.84008789062,54.4049987792969,5.87591123580933,0.69
"2020-09-09",71.4707260131836,3398.9599609375,54.9900016784668,5.95654630661011,0.71
"2020-09-10",70.2838668823242,3339.18994140625,54.7999992370605,5.98073673248291,0.68
"2020-09-11",70.3024139404297,3340.96997070312,54.4199981689453,5.94272232055664,0.67
"2020-09-14",71.257453918457,3383.5400390625,54.875,6.00953340530396,0.68
"2020-09-15",71.6932373046875,3401.19995117188,55.3300018310547,6.05330514907837,0.68
"2020-09-16",71.3780059814453,3385.48999023438,55.5,6.08095216751099,0.69
"2020-09-17",70.7567596435547,3357.01000976562,54.7949981689453,6.01053142547607,0.69
"2020-09-18",70.0335159301758,3319.46997070312,54.2949981689453,5.99204778671265,0.7
"2020-09-21",69.3659210205078,3281.06005859375,53.1300010681152,5.80028295516968,0.68
"2020-09-22",69.9964294433594,3315.57006835938,53.7949981689453,5.84764719009399,0.68
"2020-09-23",68.2959976196289,3236.919921875,54.2350006103516,5.86844062805176,0.68
"2020-09-24",68.3890838623047,3246.59008789062,53.6199989318848,5.77948999404907,0.67
"2020-09-25",69.6827926635742,3298.4599609375,54,5.8106803894043,0.66
"2020-09-28",70.8089447021484,3351.60009765625,55.1199989318848,5.94121980667114,0.67
"2020-09-29",70.427360534668,3335.46997070312,54.6399993896484,5.93659830093384,0.66
"2020-09-30",70.9299392700195,3363,54.9599990844727,5.97818517684937,0.69
"2020-10-01",71.385986328125,3380.80004882812,55.0849990844727,5.99782419204712,0.68
"2020-10-02",70.7810363769531,3348.419921875,54.8899993896484,5.95854759216309,0.7
"2020-10-05",72.0095748901367,3408.60009765625,55.2449989318848,6.02092742919922,0.78
"2020-10-06",71.0788421630859,3360.96997070312,55.4000015258789,6.03594589233398,0.76
"2020-10-07",72.3353271484375,3419.43994140625,55.5,6.03363513946533,0.81
"2020-10-08",72.9495620727539,3446.830078125,55.939998626709,6.07522296905518,0.78
"2020-10-09",73.6290130615234,3477.13989257812,56.1949996948242,6.126051902771,0.79
"2020-10-12",74.7551727294922,3534.21997070312,56.9500007629395,6.1953649520874,0.79
"2020-10-13",74.3642959594727,3511.92993164062,57.1450004577637,6.1815013885498,0.74
"2020-10-14",73.9547729492188,3488.669921875,56.9049987792969,6.18496608734131,0.73
"2020-10-15",73.8896255493164,3483.34008789062,56.2849998474121,6.0821533203125,0.74
"2020-10-16",73.8244400024414,3483.81005859375,56.8250007629395,6.14337921142578,0.76
"2020-10-19",72.7169036865234,3426.919921875,56.25,6.12258672714233,0.78
"2020-10-20",72.9588851928711,3443.1201171875,55.6599998474121,6.08908605575562,0.81
"2020-10-21",72.7913513183594,3435.56005859375,55.3800010681152,6.06713581085205,0.83
"2020-10-22",73.2101898193359,3453.48999023438,55.4049987792969,6.05212020874023,0.87
"2020-10-23",73.3684158325195,3465.38989257812,55.6500015258789,6.05442762374878,0.85
"2020-10-26",72.0281753540039,3400.96997070312,54.7599983215332,5.94583988189697,0.81
"2020-10-27",71.8885498046875,3390.67993164062,54.7400016784668,5.95623636245728,0.79
"2020-10-28",69.4128723144531,3271.03002929688,53.5849990844727,5.78873109817505,0.79
"2020-10-29",70.1015853881836,3310.11010742188,53.9199981689453,5.77024793624878,0.85
"2020-10-30",69.2732467651367,3269.9599609375,53.5149993896484,5.73905801773071,0.88
"2020-11-02",70.055061340332,3310.23999023438,54.2700004577637,5.83609580993652,0.87
"2020-11-03",71.3301544189453,3369.15991210938,55.189998626709,5.98742771148682,0.9
"2020-11-04",72.8937454223633,3443.43994140625,56.4150009155273,6.09370613098145,0.78
"2020-11-05",74.4294357299805,3510.44995117188,56.8050003051758,6.20113897323608,0.79
"2020-11-06",74.5131912231445,3509.43994140625,56.5050010681152,6.19767475128174,0.83
"2020-11-09",75.2763824462891,3550.5,58.4650001525879,6.32821226119995,0.96
"2020-11-10",75.0902404785156,3545.53002929688,57.7200012207031,6.24734830856323,0.98
"2020-11-11",75.6858978271484,3572.65991210938,58.4749984741211,6.29355573654175,0.98
"2020-11-12",74.997184753418,3537.01000976562,58,6.2831597328186,0.88
"2020-11-13",75.9837265014648,3585.14990234375,57.9700012207031,6.27969360351562,0.89
"2020-11-16",76.8958282470703,3626.90991210938,58.8600006103516,6.36748933792114,0.91
"2020-11-17",76.6072998046875,3609.53002929688,58.6650009155273,6.36517953872681,0.87
"2020-11-18",75.8161926269531,3567.7900390625,58.7949981689453,6.38135290145874,0.88
"2020-11-19",76.225715637207,3581.8701171875,58.2799987792969,6.32705736160278,0.86
"2020-11-20",75.7417373657227,3557.5400390625,58.5299987792969,6.34554052352905,0.83
"2020-11-23",76.262939453125,3577.59008789062,58.4550018310547,6.34091949462891,0.86
"2020-11-24",77.4542617797852,3635.40991210938,59.2999992370605,6.42871570587158,0.88
"2020-11-25",77.4449615478516,3629.64990234375,59.1500015258789,6.43102550506592,0.88
"2020-11-26",77.4449615478516,3629.64990234375,59.2400016784668,6.43564605712891,0.88
"2020-11-27",77.7800140380859,3638.35009765625,59.2099990844727,6.48300933837891,0.84
"2020-11-30",77.3984451293945,3621.6298828125,58.5800018310547,6.3952145576477,0.84
"2020-12-01",78.1616134643555,3662.44995117188,59.1650009155273,6.5038046836853,0.92
"2020-12-02",78.2639846801758,3669.01000976562,58.8450012207031,6.47376823425293,0.95
"2020-12-03",78.2453842163086,3666.71997070312,58.8499984741211,6.49687194824219,0.92
"2020-12-04",78.9806213378906,3699.1201171875,59.1549987792969,6.51304531097412,0.97
"2020-12-07",78.9061813354492,3691.9599609375,59.1699981689453,6.52113246917725,0.94
"2020-12-08",79.185417175293,3702.25,59.3549995422363,6.5361499786377,0.92
"2020-12-09",78.3570785522461,3672.82006835938,59.4850006103516,6.52921867370605,0.95
"2020-12-10",78.4036026000977,3668.10009765625,59.1199989318848,6.50229501724243,0.92
"2020-12-11",78.282600402832,3663.4599609375,58.7299995422363,6.47333574295044,0.9
"2020-12-14",78.0509796142578,3647.48999023438,59.0449981689453,6.52893972396851,0.9
"2020-12-15",79.0596618652344,3694.6201171875,59.0099983215332,6.52778196334839,0.92
"2020-12-16",79.1437149047852,3701.169921875,59.4000015258789,6.57411861419678,0.92
"2020-12-17",79.7694702148438,3722.47998046875,59.4199981689453,6.63783311843872,0.94
"2020-12-18",79.5359802246094,3709.40991210938,59.2849998474121,6.61813926696777,0.95
"2020-12-21",79.2744522094727,3694.919921875,58.6300010681152,6.54168176651001,0.95
"2020-12-22",79.2371063232422,3687.26000976562,59.1599998474121,6.56832599639893,0.93
"2020-12-23",79.2371063232422,3690.01000976562,59.4000015258789,6.60539674758911,0.96
"2020-12-24",79.5453109741211,3703.06005859375,59.435001373291,6.6077151298523,0.94
"2020-12-25",79.5453109741211,3703.06005859375,59.435001373291,6.6077151298523,0.94
"2020-12-28",80.0496597290039,3735.36010742188,59.7599983215332,6.6077151298523,0.94
"2020-12-29",79.872200012207,3727.0400390625,59.8050003051758,6.68301200866699,0.94
"2020-12-30",79.9935989379883,3732.0400390625,59.6650009155273,6.69459676742554,0.93
"2020-12-31",80.3485260009766,3756.07006835938,59.5900001525879,6.6922779083252,0.93
"2021-01-01",80.3485260009766,3756.07006835938,59.5900001525879,6.6922779083252,0.93
"2021-01-04",79.283821105957,3700.64990234375,59.3050003051758,6.69575452804565,0.93
"2021-01-05",79.8441925048828,3726.86010742188,59.4199981689453,6.69343757629395,0.96
"2021-01-06",80.2644424438477,3748.13989257812,60.2700004577637,6.811598777771,1.04
"2021-01-07",81.5346527099609,3803.7900390625,60.7999992370605,6.8509840965271,1.08
"2021-01-08",82.0576705932617,3824.67993164062,61.0999984741211,6.90774774551392,1.13
"2021-01-11",81.5346527099609,3799.61010742188,61.3450012207031,6.88457870483398,1.15
"2021-01-12",81.628059387207,3801.18994140625,61.2999992370605,6.87878704071045,1.15
"2021-01-13",81.8335189819336,3809.84008789062,61.439998626709,6.87878704071045,1.1
"2021-01-14",81.5719985961914,3795.5400390625,61.7599983215332,6.89268827438354,1.15
"2021-01-15",80.9275741577148,3768.25,61.2599983215332,6.81854915618896,1.11
"2021-01-18",80.9275741577148,3768.25,61.3549995422363,6.81391525268555,1.11
"2021-01-19",81.6187286376953,3798.90991210938,61.2700004577637,6.84171724319458,1.1
"2021-01-20",82.767463684082,3851.85009765625,62.0950012207031,6.89500665664673,1.1
"2021-01-21",82.8422012329102,3853.07006835938,62.0550003051758,6.92396688461304,1.12
"2021-01-22",82.5993728637695,3841.46997070312,61.6599998474121,6.89732313156128,1.1
"2021-01-25",82.8982315063477,3855.36010742188,61.5499992370605,6.86025190353394,1.05
"2021-01-26",82.7581253051758,3849.6201171875,61.8400001525879,6.91701555252075,1.05
"2021-01-27",80.6660766601562,3750.77001953125,61.1349983215332,6.81391525268555,1.04
"2021-01-28",81.4505844116211,3787.3798828125,61.189998626709,6.82781505584717,1.07
"2021-01-29",79.9189071655273,3714.23999023438,59.9700012207031,6.70965576171875,1.11
"2021-02-01",81.1984329223633,3773.86010742188,60.75,6.74556541442871,1.09
"2021-02-02",82.3938903808594,3826.31005859375,62.0400009155273,6.86604499816895,1.12
"2021-02-03",82.4686126708984,3830.169921875,62.1199989318848,6.84982585906982,1.15
"2021-02-04",83.421257019043,3871.73999023438,62.689998626709,6.87878704071045,1.15
"2021-02-05",83.7948303222656,3886.830078125,62.9150009155273,6.92280769348145,1.19
"2021-02-08",84.4112319946289,3915.59008789062,63.1599998474121,6.95408535003662,1.19
"2021-02-09",84.3365325927734,3911.22998046875,63.0800018310547,6.95987749099731,1.18
"2021-02-10",84.3832092285156,3909.8798828125,62.9000015258789,6.95987749099731,1.15
"2021-02-11",84.5513229370117,3916.3798828125,63.1450004577637,6.98652124404907,1.16
"2021-02-12",84.962272644043,3934.830078125,63.3499984741211,6.99231481552124,1.2
"2021-02-15",84.962272644043,3934.830078125,63.8950004577637,7.05139398574829,1.2
"2021-02-16",84.8688812255859,3932.59008789062,63.7299995422363,7.00273895263672,1.3
"2021-02-17",84.7661514282227,3931.330078125,63.5499992370605,6.9413423538208,1.29
"2021-02-18",84.4205780029297,3913.96997070312,63.1699981689453,6.92744159698486,1.29
"2021-02-19",84.2524719238281,3906.7099609375,63.3800010681152,6.99231481552124,1.34
"2021-02-22",83.5239944458008,3876.5,62.7649993896484,6.91933250427246,1.37
"2021-02-23",83.5613327026367,3881.3701171875,62.3250007629395,6.85330247879028,1.37
"2021-02-24",84.3738784790039,3925.42993164062,62.8950004577637,6.89037179946899,1.38
"2021-02-25",82.2818298339844,3829.34008789062,62.2750015258789,6.8764705657959,1.54
"2021-02-26",81.9362411499023,3811.14990234375,61.8199996948242,6.71197271347046,1.44
"2021-03-01",83.9629516601562,3901.82006835938,63.0299987792969,6.83708333969116,1.45
"2021-03-02",83.206428527832,3870.2900390625,62.7050018310547,6.81391525268555,1.42
"2021-03-03",81.9362411499023,3819.71997070312,62.5349998474121,6.78147792816162,1.47
"2021-03-04",80.7314453125,3768.46997070312,62.0400009155273,6.68185424804688,1.54
"2021-03-05",82.2724838256836,3841.93994140625,61.3349990844727,6.51503849029541,1.56
"2021-03-08",81.7401275634766,3821.35009765625,63.3950004577637,6.73514080047607,1.59
"2021-03-09",83.0476608276367,3875.43994140625,63.6500015258789,6.78842878341675,1.55
"2021-03-10",83.5052795410156,3898.81005859375,63.8349990844727,6.82897520065308,1.53
"2021-03-11",84.448616027832,3939.34008789062,64.2149963378906,6.89259576797485,1.54
"2021-03-12",84.5793609619141,3943.34008789062,63.9900016784668,6.86357069015503,1.64
"2021-03-15",85.1770858764648,3968.93994140625,64.3249969482422,6.9111704826355,1.62
"2021-03-16",84.9716339111328,3962.7099609375,64.9300003051758,6.9471607208252,1.62
"2021-03-17",85.2331161499023,3974.1201171875,64.5250015258789,6.9146523475647,1.63
"2021-03-18",83.8695373535156,3915.4599609375,64.745002746582,6.95876836776733,1.71
"2021-03-19",83.8041687011719,3913.10009765625,64.3000030517578,6.89491653442383,1.74
"2021-03-22",84.504638671875,3940.59008789062,64.4499969482422,6.94483757019043,1.69
"2021-03-23",83.8601989746094,3910.52001953125,64.5149993896484,6.91697597503662,1.63
"2021-03-24",83.2344512939453,3889.13989257812,64.4850006103516,6.89839887619019,1.62
"2021-03-25",83.6953659057617,3909.52001953125,64.254997253418,6.83919048309326,1.63
"2021-03-26",85.063117980957,3974.5400390625,64.8899993896484,6.91697597503662,1.67
"2021-03-29",84.8757553100586,3971.09008789062,65.1399993896484,6.93555021286011,1.73
"2021-03-30",84.7352447509766,3958.55004882812,65.504997253418,6.94599962234497,1.73
"2021-03-31",85.1286926269531,3972.88989257812,65.6699981689453,6.96689605712891,1.74
"2021-04-01",86.1404571533203,4019.8701171875,65.9400024414062,7.02146100997925,1.69
"2021-04-02",86.1404571533203,4019.8701171875,65.9400024414062,7.02146100997925,1.72
"2021-04-05",87.2833709716797,4077.90991210938,65.9400024414062,7.02146100997925,1.73
"2021-04-06",87.2927551269531,4073.93994140625,66.5699996948242,7.12362432479858,1.67
"2021-04-07",87.3677062988281,4079.94995117188,66.2249984741211,7.10272741317749,1.68
"2021-04-08",87.8454818725586,4097.169921875,66.6100006103516,7.12362432479858,1.64
"2021-04-09",88.4824981689453,4128.7998046875,66.7699966430664,7.14220094680786,1.67
"2021-04-12",88.510627746582,4127.990234375,66.7350006103516,7.17238521575928,1.69
"2021-04-13",88.8666076660156,4141.58984375,66.9000015258789,7.20953512191772,1.64
"2021-04-14",88.5012588500977,4124.66015625,66.8949966430664,7.24552536010742,1.64
"2021-04-15",89.4942779541016,4170.419921875,67.2099990844727,7.26874446868896,1.56
"2021-04-16",89.7284774780273,4185.47021484375,67.4400024414062,7.30821752548218,1.59
"2021-04-19",89.2132339477539,4163.259765625,67.0149993896484,7.28848171234131,1.61
"2021-04-20",88.6511306762695,4134.93994140625,66.0800018310547,7.21185827255249,1.58
"2021-04-21",89.4942779541016,4173.419921875,66.625,7.27106666564941,1.57
"2021-04-22",88.697998046875,4134.97998046875,67.0149993896484,7.30821752548218,1.57
"2021-04-23",89.6910171508789,4180.169921875,66.8600006103516,7.31286096572876,1.58
"2021-04-26",89.8971099853516,4187.6201171875,67.0599975585938,7.3302755355835,1.58
"2021-04-27",89.7753295898438,4186.72021484375,66.9199981689453,7.29776859283447,1.63
"2021-04-28",89.7378540039062,4183.18017578125,66.9449996948242,7.29428577423096,1.63
"2021-04-29",90.1875228881836,4211.47021484375,66.8000030517578,7.27571058273315,1.65
"2021-04-30",89.4755477905273,4181.169921875,66.9800033569336,7.24320316314697,1.65
"2021-05-03",89.7003784179688,4192.66015625,67.0999984741211,7.24320316314697,1.63
"2021-05-04",89.1101913452148,4164.66015625,66.3099975585938,7.19328260421753,1.61
"2021-05-05",89.0727081298828,4167.58984375,67.25,7.27338981628418,1.59
"2021-05-06",89.7190933227539,4201.6201171875,66.8300018310547,7.26642274856567,1.58
"2021-05-07",90.3842544555664,4232.60009765625,67.3050003051758,7.38600158691406,1.6
"2021-05-10",89.4099578857422,4188.43017578125,67.2200012207031,7.4115424156189,1.63
"2021-05-11",88.7448272705078,4152.10009765625,65.9199981689453,7.24668598175049,1.64
"2021-05-12",86.7587585449219,4063.0400390625,65.6999969482422,7.17122459411621,1.69
"2021-05-13",87.6862182617188,4112.5,65.7600021362305,7.15961456298828,1.66
"2021-05-14",89.1288986206055,4173.85009765625,66.379997253418,7.262939453125,1.63
"2021-05-17",88.8853530883789,4163.2900390625,66.1350021362305,7.22578954696655,1.64
"2021-05-18",88.1265258789062,4127.830078125,66.1100006103516,7.25829601287842,1.64
"2021-05-19",87.8361053466797,4115.68017578125,64.995002746582,7.13407468795776,1.68
"2021-05-20",88.950927734375,4159.1201171875,66.1600036621094,7.25829601287842,1.63
"2021-05-21",88.8947067260742,4155.85986328125,66.4850006103516,7.28732061386108,1.63
"2021-05-24",89.822151184082,4197.0498046875,66.8000030517578,7.33956336975098,1.61
"2021-05-25",89.644172668457,4188.1298828125,66.5199966430664,7.33259773254395,1.56
"2021-05-26",89.8690032958984,4195.990234375,66.7249984741211,7.34536790847778,1.58
"2021-05-27",89.8877258300781,4200.8798828125,66.9899978637695,7.34188604354858,1.61
"2021-05-28",90.1032104492188,4204.10986328125,67.2300033569336,7.37439203262329,1.58
"2021-05-31",90.1032104492188,4204.10986328125,66.745002746582,7.37439203262329,1.58
"2021-06-01",89.9626770019531,4202.0400390625,66.9499969482422,7.37555313110352,1.62
"2021-06-02",90.196891784668,4208.1201171875,67.25,7.37671422958374,1.59
"2021-06-03",89.7846984863281,4192.85009765625,67.3399963378906,7.3569769859314,1.63
"2021-06-04",90.6184616088867,4229.89013671875,67.5749969482422,7.3987717628479,1.56
"2021-06-07",90.6371917724609,4226.52001953125,67.4700012207031,7.42083024978638,1.57
"2021-06-08",90.6934127807617,4227.259765625,67.5250015258789,7.41618633270264,1.53
"2021-06-09",90.524787902832,4219.5498046875,67.6549987792969,7.43824481964111,1.5
"2021-06-10",91.0206832885742,4239.18017578125,67.8300018310547,7.43708324432373,1.45
"2021-06-11",91.2273254394531,4247.43994140625,68.2699966430664,7.43708324432373,1.47
"2021-06-14",91.4621276855469,4255.14990234375,68.1999969482422,7.44637107849121,1.51
"2021-06-15",91.2179260253906,4246.58984375,68.2900009155273,7.45914125442505,1.51
"2021-06-16",90.7389144897461,4223.7001953125,68.4599990844727,7.46262359619141,1.57
"2021-06-17",90.7671051025391,4221.85986328125,69.1149978637695,7.40304327011108,1.52
"2021-06-18",89.5367050170898,4166.4501953125,68.504997253418,7.29682016372681,1.45
"2021-06-21",90.7577209472656,4224.7900390625,68.8199996948242,7.37269401550293,1.5
"2021-06-22",91.2461013793945,4246.43994140625,69.1999969482422,7.41238403320312,1.48
"2021-06-23",91.2461013793945,4241.83984375,68.9449996948242,7.41588592529297,1.5
"2021-06-24",91.7720794677734,4266.490234375,69.4100036621094,7.45674133300781,1.49
"2021-06-25",92.072624206543,4280.7001953125,69.5500030517578,7.48358917236328,1.54
"2021-06-28",92.3544235229492,4290.60986328125,69.5400009155273,7.48825931549072,1.49
"2021-06-29",92.4483261108398,4291.7998046875,69.8399963378906,7.5081033706665,1.49
"2021-06-30",92.4858932495117,4297.5,69.9100036621094,7.4660792350769,1.45
"2021-07-01",92.9461059570312,4319.93994140625,70.0999984741211,7.50343322753906,1.48
"2021-07-02",93.6223449707031,4352.33984375,70.504997253418,7.53261661529541,1.44
"2021-07-05",93.6223449707031,4352.33984375,70.6900024414062,7.56296682357788,1.44
"2021-07-06",93.4438934326172,4343.5400390625,70.4700012207031,7.49759769439697,1.37
"2021-07-07",93.8102035522461,4358.1298828125,70.9499969482422,7.5361180305481,1.33
"2021-07-08",93.0306396484375,4320.81982421875,69.9800033569336,7.45557355880737,1.3
"2021-07-09",93.988639831543,4369.5498046875,70.745002746582,7.54428815841675,1.37
"2021-07-12",94.2986068725586,4384.6298828125,71.0350036621094,7.60265350341797,1.38
"2021-07-13",93.9792709350586,4369.2099609375,71.4100036621094,7.60382127761841,1.42
"2021-07-14",94.0449981689453,4374.2998046875,71.129997253418,7.58047533035278,1.37
"2021-07-15",93.7538299560547,4360.02978515625,70.8899993896484,7.5419545173645,1.31
"2021-07-16",93.0870056152344,4327.16015625,70.6500015258789,7.51393890380859,1.31
"2021-07-19",91.6969375610352,4258.490234375,69.2750015258789,7.38203430175781,1.19
"2021-07-20",93.0963897705078,4323.06005859375,70.1600036621094,7.45090436935425,1.23
"2021-07-21",93.8195877075195,4358.68994140625,70.6999969482422,7.53378295898438,1.3
"2021-07-22",94.0356216430664,4367.47998046875,71.0400009155273,7.54545497894287,1.27
"2021-07-23",95.0969543457031,4411.7900390625,71.8150024414062,7.60848999023438,1.3
"2021-07-26",95.2848052978516,4422.2998046875,71.7050018310547,7.6131591796875,1.29
"2021-07-27",94.7682189941406,4401.4599609375,71.0100021362305,7.57113838195801,1.25
"2021-07-28",94.7306518554688,4400.64013671875,71.5199966430664,7.59098148345947,1.26
"2021-07-29",95.1157302856445,4419.14990234375,71.5550003051758,7.67385959625244,1.28
"2021-07-30",94.5428085327148,4395.259765625,71.3050003051758,7.64117527008057,1.24
"2021-08-02",94.4207077026367,4387.16015625,71.4899978637695,7.69370412826538,1.2
"2021-08-03",95.1345062255859,4423.14990234375,71.3600006103516,7.66685485839844,1.19
"2021-08-04",94.7682189941406,4402.66015625,71.6949996948242,7.6960391998291,1.19
"2021-08-05",95.3599395751953,4429.10009765625,71.9800033569336,7.72755432128906,1.23
"2021-08-06",95.4350738525391,4436.52001953125,72.4250030517578,7.70771169662476,1.31
"2021-08-09",95.3974990844727,4432.35009765625,72.504997253418,7.70887804031372,1.33
"2021-08-10",95.3974990844727,4436.75,72.7399978637695,7.71121215820312,1.36
"2021-08-11",95.622917175293,4442.41015625,72.8249969482422,7.74039506912231,1.35
"2021-08-12",95.8859024047852,4460.830078125,72.9300003051758,7.74740123748779,1.36
"2021-08-13",96.0643539428711,4468,72.875,7.79409170150757,1.29
"2021-08-16",96.2709732055664,4479.7099609375,72.625,7.75207090377808,1.26
"2021-08-17",95.613525390625,4448.080078125,72.870002746582,7.70654535293579,1.26
"2021-08-18",94.5522003173828,4400.27001953125,72.8600006103516,7.72755432128906,1.27
"2021-08-19",94.7024841308594,4405.7998046875,72.0899963378906,7.65868473052979,1.24
"2021-08-20",95.5102157592773,4441.669921875,72.5199966430664,7.71238040924072,1.26
"2021-08-23",96.3930892944336,4479.52978515625,73.0800018310547,7.81393718719482,1.25
"2021-08-24",96.5809097290039,4486.22998046875,73.1100006103516,7.81743860244751,1.29
"2021-08-25",96.8345031738281,4496.18994140625,73.2200012207031,7.82677412033081,1.35
"2021-08-26",96.252197265625,4470,72.9449996948242,7.80109453201294,1.34
"2021-08-27",97.0975036621094,4509.3701171875,73.1500015258789,7.84195327758789,1.31
"2021-08-30",97.54833984375,4528.7900390625,73.495002746582,7.84195327758789,1.29
"2021-08-31",97.4168319702148,4522.68017578125,73.379997253418,7.86763143539429,1.3
"2021-09-01",97.4731979370117,4524.08984375,73.3450012207031,7.88630819320679,1.31
"2021-09-02",97.7925415039062,4536.9501953125,73.4800033569336,7.93066644668579,1.29
"2021-09-03",97.7925415039062,4535.43017578125,73.3850021362305,7.93883800506592,1.33
"2021-09-06",97.7925415039062,4535.43017578125,73.8399963378906,7.9890308380127,1.33
"2021-09-07",97.4074325561523,4520.02978515625,73.4800033569336,7.91315841674805,1.38
"2021-09-08",97.2289886474609,4514.06982421875,73.1999969482422,7.87580394744873,1.35
"2021-09-09",96.8814849853516,4493.27978515625,73.3349990844727,7.88864326477051,1.3
"2021-09-10",96.101921081543,4458.580078125,72.9599990844727,7.86529588699341,1.35
"2021-09-13",96.252197265625,4468.72998046875,72.8850021362305,7.87501096725464,1.33
"2021-09-14",95.8013763427734,4443.0498046875,72.7900009155273,7.85946178436279,1.28
"2021-09-15",96.6184997558594,4480.7001953125,72.5999984741211,7.84662199020386,1.31
"2021-09-16",96.4682083129883,4473.75,72.9599990844727,7.83276844024658,1.34
"2021-09-17",95.5759506225586,4432.990234375,72.6999969482422,7.78830146789551,1.37
"2021-09-20",93.9135131835938,4357.72998046875,71.4300003051758,7.65607976913452,1.31
"2021-09-21",93.8571624755859,4354.18994140625,71.9700012207031,7.6794810295105,1.33
"2021-09-22",94.8151931762695,4395.64013671875,72.3199996948242,7.7414984703064,1.32
"2021-09-23",95.9422607421875,4448.97998046875,72.9300003051758,7.81287431716919,1.41
"2021-09-24",96.0543746948242,4455.47998046875,72.8600006103516,7.76607036590576,1.47
"2021-09-27",95.7717132568359,4443.10986328125,72.9349975585938,7.76255941390991,1.48
"2021-09-28",93.7177886962891,4352.6298828125,71.5599975585938,7.60108137130737,1.54
"2021-09-29",93.755485534668,4359.4599609375,72.1350021362305,7.60108137130737,1.55
"2021-09-30",92.7661895751953,4307.5400390625,72,7.57533979415894,1.52
"2021-10-01",93.7931594848633,4357.0400390625,71.5250015258789,7.51566553115845,1.48
"2021-10-04",92.5306549072266,4300.4599609375,70.7200012207031,7.4747109413147,1.49
"2021-10-05",93.5010833740234,4345.72021484375,71.9300003051758,7.57300043106079,1.54
"2021-10-06",93.9344863891602,4363.5498046875,71.4499969482422,7.4688606262207,1.53
"2021-10-07",94.7259063720703,4399.759765625,73.0149993896484,7.65256834030151,1.58
"2021-10-08",94.5092086791992,4391.33984375,72.6949996948242,7.62565517425537,1.61
"2021-10-11",93.9062118530273,4361.18994140625,72.8499984741211,7.64086818695068,1.61
"2021-10-12",93.755485534668,4350.64990234375,72.375,7.59757232666016,1.59
"2021-10-13",94.2077102661133,4363.7998046875,72.1800003051758,7.61044311523438,1.56
"2021-10-14",95.8753433227539,4438.259765625,73.3649978637695,7.7438383102417,1.52
"2021-10-15",96.497184753418,4471.3701171875,73.9300003051758,7.81638526916504,1.59
"2021-10-18",96.8740539550781,4486.4599609375,73.9449996948242,7.82223510742188,1.59
"2021-10-19",97.5712814331055,4519.6298828125,74.3150024414062,7.87956857681274,1.65
"2021-10-20",97.9104461669922,4536.18994140625,74.5699996948242,7.90414381027222,1.65
"2021-10-21",98.1459732055664,4549.77978515625,74.4349975585938,7.91701793670654,1.68
"2021-10-22",97.995246887207,4544.89990234375,74.620002746582,7.97552013397217,1.66
"2021-10-25",98.4663238525391,4566.47998046875,75.0199966430664,8.03285694122314,1.64
"2021-10-26",98.5982437133789,4574.7900390625,75.5899963378906,8.10891532897949,1.63
"2021-10-27",98.1459732055664,4551.68017578125,75.25,8.10540390014648,1.54
"2021-10-28",99.0881652832031,4596.419921875,75.0100021362305,8.15104007720947,1.57
"2021-10-29",99.3048477172852,4605.3798828125,75.745002746582,8.15688991546631,1.55
"2021-11-01",99.5215606689453,4613.669921875,75.875,8.22943496704102,1.58
"2021-11-02",99.8136367797852,4630.64990234375,76.1500015258789,8.25751876831055,1.56
"2021-11-03",100.463729858398,4660.56982421875,76.129997253418,8.26102924346924,1.6
"2021-11-04",100.915977478027,4680.06005859375,76.9150009155273,8.37335872650146,1.53
"2021-11-05",101.132659912109,4697.52978515625,77.3349990844727,8.40729331970215,1.45
"2021-11-08",101.255165100098,4701.7001953125,77.1350021362305,8.39442253112793,1.51
"2021-11-09",100.963088989258,4685.25,76.875,8.33474731445312,1.46
"2021-11-10",100.086860656738,4646.7099609375,77.1449966430664,8.30783462524414,1.56
"2021-11-11",100.030326843262,4649.27001953125,77.2350006103516,8.25751876831055,1.56
"2021-11-12",100.887710571289,4682.85009765625,77.7050018310547,8.2914514541626,1.58
"2021-11-15",100.868873596191,4682.7998046875,78.0650024414062,8.27389907836914,1.63
"2021-11-16",101.358795166016,4700.89990234375,78.7200012207031,8.31953430175781,1.63
"2021-11-17",101.019599914551,4688.669921875,78.6900024414062,8.30315399169922,1.6
"2021-11-18",101.330520629883,4704.5400390625,78.4000015258789,8.31953430175781,1.59
"2021-11-19",101.151519775391,4697.9599609375,78.6849975585938,8.33474731445312,1.54
"2021-11-22",100.661590576172,4682.93994140625,79.129997253418,8.38740062713623,1.63
"2021-11-23",100.708709716797,4690.7001953125,78.0699996948242,8.23879623413086,1.67
"2021-11-24",101.000770568848,4701.4599609375,78.7649993896484,8.2434778213501,1.64
"2021-11-25",101.000770568848,4701.4599609375,78.9649963378906,8.27624130249023,1.64
"2021-11-26",98.711311340332,4594.6201171875,76.2399978637695,8.06913185119629,1.48
"2021-11-29",99.9926376342773,4655.27001953125,77.1900024414062,8.13582611083984,1.52
"2021-11-30",98.0706100463867,4567,76.3249969482422,8.05976676940918,1.43
"2021-12-01",96.7609939575195,4513.0400390625,76.9800033569336,8.19433307647705,1.43
"2021-12-02",98.30615234375,4577.10009765625,75.6350021362305,8.07147216796875,1.44
"2021-12-03",97.2886276245117,4538.43017578125,75.4100036621094,8.0012617111206,1.35
"2021-12-06",98.4003829956055,4591.669921875,76.2850036621094,8.05742740631104,1.43
"2021-12-07",100.557960510254,4686.75,78.3249969482422,8.25868892669678,1.48
"2021-12-08",100.934799194336,4701.2099609375,77.6999969482422,8.25283908843994,1.52
"2021-12-09",100.09627532959,4667.4501953125,77.9899978637695,8.23294448852539,1.49
"2021-12-10",100.840599060059,4712.02001953125,77.5199966430664,8.2153959274292,1.48
"2021-12-13",99.9703369140625,4668.97021484375,77.4100036621094,8.16157150268555,1.42
"2021-12-14",99.1293716430664,4634.08984375,76.6500015258789,8.07731914520264,1.44
"2021-12-15",100.764053344727,4709.85009765625,76.7699966430664,8.09253215789795,1.47
"2021-12-16",99.7624740600586,4668.669921875,77.8499984741211,8.22578048706055,1.44
"2021-12-17",98.8459167480469,4620.64013671875,77.1900024414062,8.14361476898193,1.41
"2021-12-20",97.7403869628906,4568.02001953125,75.4899978637695,7.95933055877686,1.43
"2021-12-21",99.4884567260742,4649.22998046875,76.7600021362305,8.05206108093262,1.48
"2021-12-22",100.452247619629,4696.56005859375,77.4899978637695,8.20934581756592,1.46
"2021-12-23",101.075897216797,4725.7900390625,78.4100036621094,8.28681373596191,1.5
"2021-12-24",101.075897216797,4725.7900390625,78.4300003051758,8.29503154754639,1.5
"2021-12-27",102.483779907227,4791.18994140625,78.8899993896484,8.29503154754639,1.48
"2021-12-28",102.36092376709,4786.35009765625,79.3499984741211,8.29503154754639,1.49
"2021-12-29",102.445991516113,4793.06005859375,78.9199981689453,8.40771293640137,1.55
"2021-12-30",102.266464233398,4778.72998046875,79.3349990844727,8.42532062530518,1.52
"2021-12-31",101.954643249512,4766.18017578125,78.9800033569336,8.38071632385254,1.52
"2022-01-03",102.464881896973,4796.56005859375,79.1399993896484,8.38071632385254,1.63
"2022-01-04",102.285354614258,4793.5400390625,79.495002746582,8.41827774047852,1.66
"2022-01-05",100.130989074707,4700.580078125,79.2600021362305,8.40888690948486,1.71
"2022-01-06",100.064842224121,4696.0498046875,78.0800018310547,8.24221038818359,1.73
"2022-01-07",99.6112899780273,4677.02978515625,77.4749984741211,8.20582294464111,1.76
"2022-01-10",99.5262603759766,4670.2900390625,76.4850006103516,8.08609962463379,1.78
"2022-01-11",100.461715698242,4713.06982421875,77.4000015258789,8.1788272857666,1.75
"2022-01-12",100.69792175293,4726.35009765625,77.8050003051758,8.26686096191406,1.74
"2022-01-13",99.1483001708984,4659.02978515625,77.5449981689453,8.27038288116455,1.7
"2022-01-14",99.0632476806641,4662.85009765625,76.495002746582,8.10135841369629,1.78
"2022-01-17",99.0632476806641,4662.85009765625,77.125,8.16591453552246,1.78
"2022-01-18",97.2774047851562,4577.10986328125,76.2699966430664,8.04032325744629,1.87
"2022-01-19",96.2191009521484,4532.759765625,75.9550018310547,7.99923992156982,1.83
"2022-01-20",95.2458648681641,4482.72998046875,76.5749969482422,8.04971408843994,1.83
"2022-01-21",93.3277053833008,4397.93994140625,74.8050003051758,7.88421154022217,1.75
"2022-01-24",93.7434692382812,4410.1298828125,71.75,7.54733943939209,1.75
"2022-01-25",92.5150909423828,4356.4501953125,72.5449981689453,7.60368061065674,1.78
"2022-01-26",92.0993576049805,4349.93017578125,74.0299987792969,7.73514413833618,1.85
"2022-01-27",91.6835861206055,4326.509765625,74.4250030517578,7.61307191848755,1.81
"2022-01-28",93.9513473510742,4431.85009765625,73.4449996948242,7.5367751121521,1.78
"2022-01-31",95.8222427368164,4515.5498046875,74.995002746582,7.68701791763306,1.79
"2022-02-01",96.502571105957,4546.5400390625,75.629997253418,7.78913640975952,1.81
"2022-02-02",97.1262054443359,4589.3798828125,75.8000030517578,7.84430313110352,1.78
"2022-02-03",94.754508972168,4477.43994140625,74.4550018310547,7.82434988021851,1.82
"2022-02-04",95.2931137084961,4500.52978515625,73.6800003051758,7.70345067977905,1.93
"2022-02-07",95.0474319458008,4483.8701171875,74.120002746582,7.76214027404785,1.92
"2022-02-08",95.8411560058594,4521.5400390625,74.4899978637695,7.79383087158203,1.96
"2022-02-09",97.2774047851562,4587.18017578125,75.5199966430664,7.91824960708618,1.94
"2022-02-10",95.5576782226562,4504.080078125,75.0550003051758,7.91590452194214,2.03
"2022-02-11",93.639518737793,4418.64013671875,74.5899963378906,7.77270364761353,1.92
"2022-02-14",93.2993621826172,4401.669921875,73.8300018310547,7.6259822845459,1.98
"2022-02-15",94.8773574829102,4471.06982421875,74.4400024414062,7.74570655822754,2.05
"2022-02-16",94.8773574829102,4475.009765625,74.129997253418,7.72340440750122,2.03
"2022-02-17",92.7324066162109,4380.259765625,73.8199996948242,7.68466997146606,1.97
"2022-02-18",92.0898818969727,4348.8701171875,72.9400024414062,7.58255338668823,1.92
"2022-02-21",92.0898818969727,4348.8701171875,72.1100006103516,7.50156259536743,1.92
"2022-02-22",91.0693969726562,4304.759765625,72.2900009155273,7.49921464920044,1.94
"2022-02-23",89.3969116210938,4225.5,71.879997253418,7.43583106994629,1.99
"2022-02-24",90.9748992919922,4288.7001953125,70.9100036621094,7.23276901245117,1.96
"2022-02-25",92.9214019775391,4384.64990234375,73.1699981689453,7.50977993011475,1.97
"2022-02-28",92.7513275146484,4373.93994140625,73.5449981689453,7.56612014770508,1.83
"2022-03-01",91.3906631469727,4306.259765625,73.0950012207031,7.44169998168945,1.72
"2022-03-02",93.006462097168,4386.5400390625,73.9000015258789,7.48865127563477,1.86
"2022-03-03",92.4962005615234,4363.490234375,73.6999969482422,7.44639587402344,1.86
"2022-03-04",91.5985488891602,4328.8701171875,73.0299987792969,7.3020224571228,1.74
"2022-03-07",88.9055938720703,4201.08984375,72.7149963378906,7.25037527084351,1.78
"2022-03-08",88.2063446044922,4170.7001953125,71.1100006103516,7.08956909179688,1.86
"2022-03-09",90.6441955566406,4277.8798828125,72.1750030517578,7.3477988243103,1.94
"2022-03-10",90.0867004394531,4259.52001953125,71.6999969482422,7.20107746124268,1.98
"2022-03-11",88.8205490112305,4204.31005859375,72.4499969482422,7.25741910934448,2
"2022-03-14",87.9984664916992,4173.10986328125,71.6549987792969,7.23276901245117,2.14
"2022-03-15",89.9449768066406,4262.4501953125,72.3000030517578,7.2949800491333,2.15
"2022-03-16",92.1560363769531,4357.85986328125,73.75,7.48395538330078,2.19
"2022-03-17",93.3655090332031,4411.669921875,74.0199966430664,7.56939029693604,2.2
"2022-03-18",94.4899291992188,4463.1201171875,75.1650009155273,7.65524387359619,2.14
"2022-03-21",94.4332427978516,4461.18017578125,75.7099990844727,7.68464517593384,2.32
"2022-03-22",95.6049194335938,4511.60986328125,76.5100021362305,7.73874616622925,2.38
"2022-03-23",94.3954467773438,4456.240234375,76.3450012207031,7.70464038848877,2.32
"2022-03-24",95.8003234863281,4520.16015625,76.3000030517578,7.70699071884155,2.34
"2022-03-25",96.1700134277344,4543.06005859375,76.7149963378906,7.72110557556152,2.48
"2022-03-28",96.880989074707,4575.52001953125,76.9550018310547,7.75050830841064,2.46
"2022-03-29",98.2365570068359,4631.60009765625,77.5149993896484,7.90340089797974,2.41
"2022-03-30",97.5540390014648,4602.4501953125,77.1699981689453,7.89046430587769,2.35
"2022-03-31",96.0752258300781,4530.41015625,77.0999984741211,7.85635757446289,2.32
"2022-04-01",96.2932586669922,4545.85986328125,76.8550033569336,7.77402877807617,2.39
"2022-04-04",97.2412261962891,4582.64013671875,77.6750030517578,7.8351879119873,2.42
"2022-04-05",95.9235458374023,4525.1201171875,77.9550018310547,7.80931234359741,2.54
"2022-04-06",94.7386093139648,4481.14990234375,76.4499969482422,7.6411304473877,2.61
"2022-04-07",95.2031021118164,4500.2099609375,76.25,7.6211371421814,2.66
"2022-04-08",94.8997573852539,4488.27978515625,77.3050003051758,7.68699979782104,2.72
"2022-04-11",93.2692718505859,4412.52978515625,76.1549987792969,7.56939029693604,2.79
"2022-04-12",92.852180480957,4397.4501953125,76.5599975585938,7.57644557952881,2.72
"2022-04-13",93.9992065429688,4446.58984375,76.2200012207031,7.54704189300537,2.7
"2022-04-14",92.7479095458984,4392.58984375,76.6800003051758,7.55292272567749,2.83
"2022-04-15",92.7479095458984,4392.58984375,76.6800003051758,7.55292272567749,2.83
"2022-04-18",92.6910095214844,4391.68994140625,76.6800003051758,7.55292272567749,2.85
"2022-04-19",94.3120346069336,4462.2099609375,76.745002746582,7.54351425170898,2.93
"2022-04-20",94.1982879638672,4459.4501953125,76.879997253418,7.61643218994141,2.85
"2022-04-21",92.6720657348633,4393.66015625,76.879997253418,7.64465713500977,2.9
"2022-04-22",90.1694641113281,4271.77978515625,75.0650024414062,7.43060874938965,2.9
"2022-04-25",90.7192687988281,4296.1201171875,73.7050018310547,7.24948835372925,2.81
"2022-04-26",88.0934371948242,4175.2001953125,73.8099975585938,7.19891595840454,2.77
"2022-04-27",88.2830429077148,4183.9599609375,74.4749984741211,7.18127489089966,2.82
"2022-04-28",90.5865631103516,4287.5,74.879997253418,7.15775203704834,2.85
"2022-04-29",87.2213363647461,4131.93017578125,75.0599975585938,7.2236156463623,2.89
"2022-05-02",87.8374862670898,4155.3798828125,73.4449996948242,7.2236156463623,2.99
"2022-05-03",88.2640762329102,4175.47998046875,74.5,7.167160987854,2.97
"2022-05-04",90.8709564208984,4300.169921875,73.5299987792969,7.09542036056519,2.93
"2022-05-05",87.4677734375,4146.8701171875,73.7050018310547,7.06836843490601,3.05
"2022-05-06",86.842155456543,4123.33984375,72.6999969482422,7.02602958679199,3.12
"2022-05-09",83.9508666992188,3991.23999023438,70.7949981689453,6.78845739364624,3.05
"2022-05-10",84.1499328613281,4001.05004882812,70.3300018310547,6.7496452331543,2.99
"2022-05-11",82.6711502075195,3935.17993164062,71.25,6.82138824462891,2.91
"2022-05-12",82.7185592651367,3930.080078125,70.5999984741211,6.68260717391968,2.84
"2022-05-13",84.8514175415039,4023.88989257812,72.2900009155273,6.82609272003174,2.93
"2022-05-16",84.4059143066406,4008.01000976562,72.0749969482422,6.77904844284058,2.88
"2022-05-17",86.2449340820312,4088.85009765625,72.375,6.88372135162354,2.98
"2022-05-18",82.6900863647461,3923.67993164062,71.3550033569336,6.76611089706421,2.89
"2022-05-19",82.1782073974609,3900.7900390625,70.0299987792969,6.69436931610107,2.84
"2022-05-20",82.3677749633789,3901.36010742188,69.8050003051758,6.62968349456787,2.78
"2022-05-23",83.8276443481445,3973.75,70.629997253418,6.78610372543335,2.86
"2022-05-24",83.0503311157227,3941.47998046875,68.9899978637695,6.69672155380249,2.76
"2022-05-25",83.8276443481445,3978.72998046875,70.2699966430664,6.78845739364624,2.75
"2022-05-26",85.5813598632812,4057.84008789062,71.3150024414062,6.91900444030762,2.75
"2022-05-27",87.7521896362305,4158.240234375,72.6999969482422,7.0330867767334,2.74
"2022-05-30",87.7521896362305,4158.240234375,73.1449966430664,7.13775825500488,2.74
"2022-05-31",87.1359939575195,4132.14990234375,72.4899978637695,7.01191568374634,2.85
"2022-06-01",86.4629669189453,4101.22998046875,72.4150009155273,6.9389967918396,2.94
"2022-06-02",88.2451019287109,4176.81982421875,72.5699996948242,6.9389967918396,2.92
"2022-06-03",86.7473526000977,4108.5400390625,72.2900009155273,6.9389967918396,2.96
"2022-06-06",86.974853515625,4121.43017578125,72.9899978637695,7.0036826133728,3.04
"2022-06-07",87.8943786621094,4160.68017578125,72.7099990844727,6.97780990600586,2.98
"2022-06-08",86.974853515625,4115.77001953125,72.8450012207031,7.01191568374634,3.03
"2022-06-09",84.8317260742188,4017.82006835938,72.1600036621094,6.91900444030762,3.04
"2022-06-10",82.2930374145508,3900.86010742188,69.9749984741211,6.63086032867432,3.15
"2022-06-13",79.1078262329102,3749.6298828125,68.2799987792969,6.41798496246338,3.43
"2022-06-14",78.7750473022461,3735.47998046875,67.7649993896484,6.34741878509521,3.49
"2022-06-15",80.001579284668,3789.98999023438,68.2750015258789,6.4026951789856,3.33
"2022-06-16",77.2727508544922,3666.77001953125,66.1900024414062,6.28394079208374,3.28
"2022-06-17",77.386833190918,3674.84008789062,66.2949981689453,6.27801275253296,3.25
"2022-06-20",77.386833190918,3674.84008789062,66.625,6.33136653900146,3.25
"2022-06-21",79.3455123901367,3764.7900390625,67.370002746582,6.42266178131104,3.31
"2022-06-22",79.2694473266602,3759.88989257812,67.2600021362305,6.43451929092407,3.16
"2022-06-23",80.1251907348633,3795.72998046875,67.4150009155273,6.42029094696045,3.09
"2022-06-24",82.6258316040039,3911.73999023438,68.995002746582,6.58390951156616,3.13
"2022-06-27",82.3691024780273,3900.11010742188,69.2249984741211,6.65267705917358,3.2
"2022-06-28",80.6481475830078,3821.55004882812,69.1900024414062,6.57916784286499,3.2
"2022-06-29",80.5720748901367,3818.830078125,68.5800018310547,6.48431587219238,3.1
"2022-06-30",79.7733840942383,3785.3798828125,67.9049987792969,6.43570375442505,2.98
"2022-07-01",80.7337036132812,3825.330078125,68.2050018310547,6.42266178131104,2.88
"2022-07-04",80.7337036132812,3825.330078125,68.6399993896484,6.46771669387817,2.88
"2022-07-05",80.8858489990234,3831.38989257812,68.4100036621094,6.3408522605896,2.82
"2022-07-06",81.2281265258789,3845.080078125,69.9000015258789,6.44756078720093,2.93
"2022-07-07",82.4736862182617,3902.6201171875,71.3050003051758,6.55545425415039,3.01
"2022-07-08",82.3881149291992,3899.3798828125,71.8000030517578,6.60406637191772,3.09
"2022-07-11",81.4563369750977,3854.42993164062,71.3249969482422,6.50565814971924,2.99
"2022-07-12",80.6291122436523,3818.80004882812,71.495002746582,6.50802850723267,2.96
"2022-07-13",80.2487945556641,3801.78002929688,70.4000015258789,6.42977571487427,2.91
"2022-07-14",79.9445266723633,3790.3798828125,69.7949981689453,6.33136653900146,2.96
"2022-07-15",81.5133895874023,3863.15991210938,71.0699996948242,6.48668766021729,2.93
"2022-07-18",80.876335144043,3830.85009765625,71.3649978637695,6.56256771087646,2.96
"2022-07-19",83.0822296142578,3936.68994140625,71.4649963378906,6.61829471588135,3.01
"2022-07-20",83.7287673950195,3959.89990234375,72.4250030517578,6.68231964111328,3.04
"2022-07-21",84.5654983520508,3998.94995117188,72.5950012207031,6.70840358734131,2.91
"2022-07-22",83.7572860717773,3961.6298828125,72.5800018310547,6.7724289894104,2.77
"2022-07-25",83.8048400878906,3966.84008789062,72.5800018310547,6.74871587753296,2.81
"2022-07-26",82.8159942626953,3921.05004882812,72.4649963378906,6.6728343963623,2.81
"2022-07-27",84.9172973632812,4023.61010742188,73.1949996948242,6.72974538803101,2.78
"2022-07-28",86.0392379760742,4072.42993164062,74.1600036621094,6.87913656234741,2.68
"2022-07-29",87.3799133300781,4130.2900390625,74.8450012207031,6.9419755935669,2.67
"2022-08-01",87.1422119140625,4118.6298828125,74.9800033569336,7.02615690231323,2.6
"2022-08-02",86.5812072753906,4091.18994140625,74.995002746582,6.98228788375854,2.75
"2022-08-03",88.0264663696289,4155.169921875,75.7300033569336,6.98110198974609,2.73
"2022-08-04",88.0359725952148,4151.93994140625,75.4700012207031,7.02022981643677,2.68
"2022-08-05",87.7982711791992,4145.18994140625,75.3300018310547,6.94079065322876,2.83
"2022-08-08",87.731689453125,4140.06005859375,75.8349990844727,7.03327178955078,2.77
"2022-08-09",87.3513793945312,4122.47021484375,75.0500030517578,6.94790458679199,2.8
"2022-08-10",89.2625274658203,4210.240234375,75.6999969482422,7.09255456924438,2.78
"2022-08-11",89.1864624023438,4207.27001953125,76.1549987792969,7.14472198486328,2.87
"2022-08-12",90.7648010253906,4280.14990234375,76.8899993896484,7.1411657333374,2.84
"2022-08-15",91.1641387939453,4297.14013671875,77.7399978637695,7.19926261901855,2.79
"2022-08-16",91.2497329711914,4305.2001953125,78.120002746582,7.23008966445923,2.82
"2022-08-17",90.5936584472656,4274.0400390625,77.495002746582,7.16962099075317,2.89
"2022-08-18",90.8313674926758,4283.740234375,78.0650024414062,7.17673492431641,2.88
"2022-08-19",89.576286315918,4228.47998046875,77.5849990844727,7.07121181488037,2.98
"2022-08-22",87.655647277832,4137.990234375,77.1399993896484,6.95620393753052,3.03
"2022-08-23",87.494010925293,4128.72998046875,76.5650024414062,6.9230055809021,3.05
"2022-08-24",87.7887649536133,4140.77001953125,76.8600006103516,6.95264673233032,3.11
"2022-08-25",89.0818710327148,4199.1201171875,77.245002746582,6.96331882476807,3.03
"2022-08-26",85.9822006225586,4057.65991210938,76.1449966430664,6.88269424438477,3.04
"2022-08-29",85.3546676635742,4030.61010742188,74.7750015258789,6.88269424438477,3.12
"2022-08-30",84.4514083862305,3986.15991210938,74.0400009155273,6.69417476654053,3.11
"2022-08-31",83.8618850708008,3955,73.3099975585938,6.66097784042358,3.15
"2022-09-01",83.9569702148438,3966.85009765625,72.9000015258789,6.51277208328247,3.26
"2022-09-02",83.1012344360352,3924.26000976562,73.8949966430664,6.66927719116211,3.2
"2022-09-05",83.1012344360352,3924.26000976562,73.4400024414062,6.54952621459961,3.2
"2022-09-06",82.7304229736328,3908.18994140625,73.3499984741211,6.53174066543579,3.33
"2022-09-07",84.2707366943359,3979.8701171875,73.0500030517578,6.56019735336304,3.27
"2022-09-08",84.8031921386719,4006.17993164062,74.1100006103516,6.66690540313721,3.29
"2022-09-09",86.2579574584961,4067.36010742188,74.6750030517578,6.787841796875,3.33
"2022-09-12",87.151725769043,4110.41015625,75.2099990844727,6.87439393997192,3.37
"2022-09-13",83.2818908691406,3932.68994140625,73.875,6.65623331069946,3.42
"2022-09-14",83.5766525268555,3946.01000976562,73.3099975585938,6.59576749801636,3.41
"2022-09-15",82.6353454589844,3901.35009765625,72.9000015258789,6.54424047470093,3.45
"2022-09-16",81.922248840332,3873.330078125,71.5299987792969,6.44313907623291,3.45
"2022-09-19",82.5687789916992,3899.88989257812,71.7350006103516,6.44313907623291,3.49
"2022-09-20",81.5704193115234,3855.92993164062,71.6449966430664,6.42529726028442,3.57
"2022-09-21",80.1061630249023,3789.92993164062,72.5350036621094,6.43957138061523,3.51
"2022-09-22",79.3645324707031,3757.98999023438,70.9449996948242,6.23974657058716,3.7
"2022-09-23",78.071418762207,3693.22998046875,70.0999984741211,6.12080383300781,3.69
"2022-09-26",77.2641067504883,3655.0400390625,70.3499984741211,6.07917308807373,3.88
"2022-09-27",77.1016845703125,3647.2900390625,70.25,6.06133127212524,3.97
"2022-09-28",78.6590118408203,3719.0400390625,70.5100021362305,6.11485624313354,3.72
"2022-09-29",76.9392547607422,3640.46997070312,68.8150024414062,6.05419635772705,3.76
"2022-09-30",75.8692092895508,3585.6201171875,69.3000030517578,6.1124792098999,3.83
"2022-10-03",77.9137878417969,3678.42993164062,69.1750030517578,6.1196141242981,3.67
"2022-10-04",80.3023071289062,3790.92993164062,70.5999984741211,6.33846998214722,3.62
"2022-10-05",80.1303482055664,3783.28002929688,70.4649963378906,6.23142004013062,3.76
"2022-10-06",79.3373413085938,3744.52001953125,71.0199966430664,6.25639772415161,3.83
"2022-10-07",77.0443801879883,3639.65991210938,69.629997253418,6.09225654602051,3.89
"2022-10-10",76.4042282104492,3612.38989257812,69.3349990844727,6.00186061859131,3.89
"2022-10-11",75.8596649169922,3588.84008789062,68.8850021362305,5.99591493606567,3.93
"2022-10-12",75.6876754760742,3577.03002929688,68.629997253418,5.97569370269775,3.91
"2022-10-13",77.6080627441406,3669.90991210938,68.6999969482422,6.00067090988159,3.97
"2022-10-14",75.8118896484375,3583.07006835938,68.9349975585938,6.02446031570435,4
"2022-10-17",77.7513732910156,3677.94995117188,69.5849990844727,6.10296249389648,4.02
"2022-10-18",78.7258834838867,3719.97998046875,69.7249984741211,6.12793970108032,4.01
"2022-10-19",78.0762100219727,3695.15991210938,70.004997253418,6.12080383300781,4.14
"2022-10-20",77.4169616699219,3665.78002929688,70.120002746582,6.12437200546265,4.24
"2022-10-21",79.3373413085938,3752.75,69.8199996948242,6.0625205039978,4.21
"2022-10-24",80.2545394897461,3797.34008789062,70.5449981689453,6.18741178512573,4.25
"2022-10-25",81.6589889526367,3859.11010742188,71.3099975585938,6.33846998214722,4.1
"2022-10-26",81.0666351318359,3830.60009765625,71.4499969482422,6.43481302261353,4.04
"2022-10-27",80.6653594970703,3807.30004882812,71.245002746582,6.39913082122803,3.96
"2022-10-28",82.4997634887695,3901.06005859375,71.8150024414062,6.41340351104736,4.02
"2022-10-31",81.9265289306641,3871.97998046875,72.3399963378906,6.42886543273926,4.1
"2022-11-01",81.6112213134766,3856.10009765625,72.4649963378906,6.43005561828613,4.07
"2022-11-02",79.4711151123047,3759.68994140625,71.9899978637695,6.4110255241394,4.1
"2022-11-03",78.5921325683594,3719.88989257812,71.2200012207031,6.2718620300293,4.14
"2022-11-04",79.748161315918,3770.55004882812,70.6100006103516,6.33490085601807,4.17
"2022-11-07",80.4360733032227,3806.80004882812,70.8899993896484,6.40983581542969,4.22
"2022-11-08",81.0188598632812,3828.11010742188,71.5650024414062,6.52520990371704,4.14
"2022-11-09",79.2513656616211,3748.57006835938,70.7850036621094,6.44551753997803,4.12
"2022-11-10",83.7895584106445,3956.3701171875,72.4300003051758,6.67269897460938,3.82
"2022-11-11",84.6971969604492,3992.92993164062,72.2099990844727,6.75714921951294,3.82
"2022-11-14",83.9328842163086,3957.25,72.4700012207031,6.80353546142578,3.88
"2022-11-15",84.6685409545898,3991.72998046875,72.8649978637695,6.83208179473877,3.8
"2022-11-16",83.9710922241211,3958.7900390625,71.879997253418,6.76904249191284,3.67
"2022-11-17",83.6653594970703,3946.56005859375,71.5650024414062,6.67032051086426,3.77
"2022-11-18",83.9902038574219,3965.34008789062,72.0849990844727,6.73811769485474,3.82
"2022-11-21",83.6462478637695,3949.93994140625,72.3249969482422,6.71670722961426,3.83
"2022-11-22",84.8309783935547,4003.580078125,72.8300018310547,6.77736949920654,3.76
"2022-11-23",85.3850936889648,4027.26000976562,73.1050033569336,6.87252330780029,3.71
"2022-11-24",85.3850936889648,4027.26000976562,73.2249984741211,6.90939521789551,3.71
"2022-11-25",85.3659973144531,4026.1201171875,73.125,6.89512300491333,3.68
"2022-11-28",83.9615249633789,3963.93994140625,72.5699996948242,6.84992408752441,3.69
"2022-11-29",83.8277740478516,3957.6298828125,72.1399993896484,6.76666402816772,3.75
"2022-11-30",86.4933624267578,4080.11010742188,72.5749969482422,6.78212642669678,3.68
"2022-12-01",86.4742813110352,4076.57006835938,73.3249969482422,6.99384546279907,3.53
"2022-12-02",86.3787231445312,4071.69995117188,73.0100021362305,6.97719287872314,3.51
"2022-12-05",84.71630859375,3998.84008789062,72.370002746582,6.92723751068115,3.6
"2022-12-06",83.4551696777344,3941.26000976562,71.3600006103516,6.84040784835815,3.51
"2022-12-07",83.3596343994141,3933.919921875,70.9749984741211,6.79639911651611,3.42
"2022-12-08",84.0666427612305,3963.51000976562,71.1500015258789,6.84159851074219,3.48
"2022-12-09",83.4551696777344,3934.3798828125,71.4800033569336,6.8879861831665,3.57
"2022-12-12",84.639892578125,3990.56005859375,71.1750030517578,6.84635639190674,3.61
"2022-12-13",85.3113250732422,4019.64990234375,72.1999969482422,6.98670959472656,3.51
"2022-12-14",84.7645645141602,3995.32006835938,72.0500030517578,6.98551940917969,3.49
"2022-12-15",82.6927032470703,3895.75,69.5650024414062,6.74746561050415,3.44
"2022-12-16",81.5992202758789,3852.36010742188,69.004997253418,6.66152667999268,3.48
"2022-12-19",80.8606338500977,3817.65991210938,68.7350006103516,6.64123344421387,3.57
"2022-12-20",80.9853134155273,3821.6201171875,68.4749984741211,6.60542678833008,3.69
"2022-12-21",82.2226791381836,3878.43994140625,69.7399978637695,6.69852781295776,3.68
"2022-12-22",80.9181747436523,3822.38989257812,68.6549987792969,6.57677984237671,3.67
"2022-12-23",81.3785858154297,3844.82006835938,68.8199996948242,6.61616897583008,3.75
"2022-12-26",81.3785858154297,3844.82006835938,68.8199996948242,6.61616897583008,3.75
"2022-12-27",81.0620574951172,3829.25,68.8300018310547,6.61616897583008,3.84
"2022-12-28",80.1028671264648,3783.21997070312,68.4550018310547,6.55529546737671,3.88
"2022-12-29",81.5608520507812,3849.28002929688,68.9599990844727,6.64123344421387,3.83
"2022-12-30",81.2922744750977,3839.5,68.2850036621094,6.61020088195801,3.88
"2023-01-02",81.2922744750977,3839.5,69.8600006103516,6.61020088195801,3.88
"2023-01-03",80.9949188232422,3824.13989257812,69.1650009155273,6.56484365463257,3.79
"2023-01-04",81.5608520507812,3852.96997070312,69.7900009155273,6.66033172607422,3.69
"2023-01-05",80.6208267211914,3808.10009765625,69.3899993896484,6.57677984237671,3.71
"2023-01-06",82.3953399658203,3895.080078125,70.0550003051758,6.69017267227173,3.55
"2023-01-09",82.3953399658203,3892.09008789062,70.4700012207031,6.85250329971313,3.53
"2023-01-10",83.0667877197266,3919.25,69.7249984741211,6.76059532165527,3.61
"2023-01-11",84.0643539428711,3969.61010742188,70.3450012207031,6.83937406539917,3.54
"2023-01-12",84.457649230957,3983.169921875,70.5449981689453,6.89308643341064,3.43
"2023-01-13",84.8604965209961,3999.09008789062,70.7750015258789,6.92650699615479,3.49
"2023-01-16",84.8604965209961,3999.09008789062,71.1350021362305,6.96828365325928,3.49
"2023-01-17",84.7166213989258,3990.96997070312,71.3349990844727,6.98738145828247,3.53
"2023-01-18",83.3449401855469,3928.86010742188,70.9300003051758,6.96708965301514,3.37
"2023-01-19",82.6639404296875,3898.85009765625,69.875,6.82982540130615,3.39
"2023-01-20",84.2274169921875,3972.61010742188,70.379997253418,6.90144062042236,3.48
"2023-01-23",85.2825469970703,4019.81005859375,71.4349975585938,7.03035116195679,3.52
"2023-01-24",85.1386566162109,4016.94995117188,71.2850036621094,7.04586744308472,3.46
"2023-01-25",85.1674499511719,4016.21997070312,70.7200012207031,6.99334859848022,3.46
"2023-01-26",86.1266555786133,4060.42993164062,71.5650024414062,7.06615877151489,3.49
"2023-01-27",86.4048233032227,4070.56005859375,72.2249984741211,7.12703275680542,3.52
"2023-01-30",85.2729568481445,4017.77001953125,71.8550033569336,7.12345218658447,3.55
"2023-01-31",86.5582809448242,4076.60009765625,71.7900009155273,7.11270999908447,3.52
"2023-02-01",87.4887084960938,4119.2099609375,71.745002746582,7.14493751525879,3.39
"2023-02-02",88.8603744506836,4179.759765625,73.4400024414062,7.31323575973511,3.4
"2023-02-03",87.8435974121094,4136.47998046875,73.8199996948242,7.29771900177002,3.53
"2023-02-06",87.2393035888672,4111.080078125,73.4400024414062,7.2105860710144,3.63
"2023-02-07",88.342399597168,4164,73.5999984741211,7.17835760116577,3.67
"2023-02-08",87.364013671875,4117.85986328125,73.5,7.22490835189819,3.63
"2023-02-09",86.5295104980469,4081.5,73.6100006103516,7.26907205581665,3.67
"2023-02-10",86.7021484375,4090.4599609375,73.2350006103516,7.14135646820068,3.74
"2023-02-13",87.7189102172852,4137.2900390625,73.745002746582,7.22013425827026,3.72
"2023-02-14",87.7764663696289,4136.1298828125,73.4150009155273,7.21177911758423,3.77
"2023-02-15",88.1409759521484,4147.60009765625,74.0550003051758,7.23803853988647,3.81
"2023-02-16",86.9227752685547,4090.40991210938,73.9850006103516,7.23326444625854,3.86
"2023-02-17",86.6254272460938,4079.09008789062,73.0950012207031,7.11867809295654,3.82
"2023-02-20",86.6254272460938,4079.09008789062,73.2399978637695,7.15567874908447,3.82
"2023-02-21",84.84130859375,3997.34008789062,72.5299987792969,7.0613842010498,3.95
"2023-02-22",84.774169921875,3991.05004882812,72.4700012207031,7.02318859100342,3.93
"2023-02-23",85.3017349243164,4012.32006835938,72.4550018310547,7.03751277923584,3.88
"2023-02-24",84.2945556640625,3970.0400390625,72.0999984741211,6.98021984100342,3.95
"2023-02-27",84.6206893920898,3982.23999023438,72.5,7.05780363082886,3.92
"2023-02-28",84.2849731445312,3970.14990234375,72.254997253418,7.04706048965454,3.92
"2023-03-01",84.0163955688477,3951.38989257812,71.4850006103516,6.98379945755005,4.01
"2023-03-02",84.6494903564453,3981.35009765625,71.8399963378906,6.96947622299194,4.08
"2023-03-03",86.0115280151367,4045.63989257812,73.0250015258789,7.08167600631714,3.97
"2023-03-06",85.9635696411133,4048.419921875,73.3099975585938,7.14135646820068,3.98
"2023-03-07",84.6494903564453,3986.3701171875,72.879997253418,7.02438259124756,3.97
"2023-03-08",84.7837829589844,3992.01000976562,72.7850036621094,6.9993166923523,3.98
"2023-03-09",83.1914901733398,3918.32006835938,72.7699966430664,7.01005935668945,3.93
"2023-03-10",81.9253463745117,3861.59008789062,71.2249984741211,6.9026346206665,3.7
"2023-03-13",81.7718734741211,3855.76000976562,69.5500030517578,6.81908226013184,3.55
"2023-03-14",83.0859603881836,3919.2900390625,70.5800018310547,6.88353681564331,3.64
"2023-03-15",82.6255493164062,3891.92993164062,69.9499969482422,6.71881866455078,3.51
"2023-03-16",83.9972152709961,3960.28002929688,70.9100036621094,6.86790323257446,3.56
"2023-03-17",83.0092239379883,3916.63989257812,70.3450012207031,6.85354423522949,3.39
"2023-03-20",83.7670135498047,3951.57006835938,70.3499984741211,6.89422607421875,3.47
"2023-03-21",84.9659957885742,4002.8701171875,70.9400024414062,6.97678327560425,3.59
"2023-03-22",83.4984283447266,3936.96997070312,71.0550003051758,7.02105474472046,3.48
"2023-03-23",83.6720199584961,3948.71997070312,70.4899978637695,7.03301906585693,3.38
"2023-03-24",84.1928024291992,3970.98999023438,70.3000030517578,6.91695928573608,3.38
"2023-03-27",84.3567428588867,3977.53002929688,70.8399963378906,6.99114274978638,3.53
"2023-03-28",84.1831588745117,3971.27001953125,70.495002746582,6.99473190307617,3.55
"2023-03-29",85.4272384643555,4027.81005859375,71.1999969482422,7.05575323104858,3.57
"2023-03-30",85.9190826416016,4050.830078125,71.5699996948242,7.1490797996521,3.55
"2023-03-31",87.2306823730469,4109.31005859375,72.3649978637695,7.20053005218506,3.48
"2023-04-03",87.4332046508789,4124.509765625,72.5449981689453,7.20651197433472,3.43
"2023-04-04",86.9317169189453,4100.60009765625,72.129997253418,7.20651197433472,3.35
"2023-04-05",86.5748901367188,4090.3798828125,71.9700012207031,7.14190101623535,3.3
"2023-04-06",86.8834762573242,4105.02001953125,72.0299987792969,7.15027666091919,3.3
"2023-04-07",86.8834762573242,4105.02001953125,72.0299987792969,7.15027666091919,3.39
"2023-04-10",87.0088882446289,4109.10986328125,72.0299987792969,7.15027666091919,3.41
"2023-04-11",87.0474548339844,4108.93994140625,72.5250015258789,7.21488761901855,3.43
"2023-04-12",86.6809768676758,4091.94995117188,72.2200012207031,7.21728038787842,3.41
"2023-04-13",87.799690246582,4146.22021484375,72.0999984741211,7.24839019775391,3.45
"2023-04-14",87.59716796875,4137.64013671875,72.6449966430664,7.24599599838257,3.52
"2023-04-17",87.9154205322266,4151.31982421875,72.9649963378906,7.24599599838257,3.6
"2023-04-18",87.992561340332,4154.8701171875,73.0849990844727,7.29624938964844,3.58
"2023-04-19",88.0022201538086,4154.52001953125,72.9899978637695,7.26992654800415,3.6
"2023-04-20",87.4621429443359,4129.7900390625,72.75,7.24839019775391,3.54
"2023-04-21",87.5778732299805,4133.52001953125,72.7249984741211,7.24479913711548,3.57
"2023-04-24",87.6164627075195,4137.0400390625,72.4000015258789,7.25078296661377,3.52
"2023-04-25",86.1409072875977,4071.6298828125,72.2699966430664,7.21488761901855,3.4
"2023-04-26",85.8033676147461,4055.98999023438,71.5500030517578,7.16702795028687,3.43
"2023-04-27",87.5489349365234,4135.35009765625,71.9250030517578,7.17899227142334,3.53
"2023-04-28",88.2722473144531,4169.47998046875,72.5550003051758,7.26394367218018,3.44
"2023-05-01",88.2047424316406,4167.8701171875,72.5550003051758,7.26394367218018,3.59
"2023-05-02",87.2210388183594,4119.580078125,71.8499984741211,7.17899227142334,3.44
"2023-05-03",86.6327514648438,4090.75,71.9499969482422,7.22924518585205,3.38
"2023-05-04",85.9769592285156,4061.21997070312,71.4899978637695,7.15625953674316,3.37
"2023-05-05",87.568229675293,4136.25,72.3949966430664,7.26274728775024,3.44
"2023-05-08",87.59716796875,4138.1201171875,72.625,7.26274728775024,3.52
"2023-05-09",87.2403335571289,4119.169921875,72.879997253418,7.24839019775391,3.53
"2023-05-10",87.6743240356445,4137.64013671875,72.7850036621094,7.2579607963562,3.43
"2023-05-11",87.4428787231445,4130.6201171875,72.9850006103516,7.21129846572876,3.39
"2023-05-12",87.3367691040039,4124.080078125,73.2600021362305,7.20770931243896,3.46
"2023-05-15",87.6743240356445,4136.27978515625,73.4550018310547,7.23163795471191,3.5
"2023-05-16",86.9992294311523,4109.89990234375,73.3300018310547,7.21728038787842,3.54
"2023-05-17",88.117919921875,4158.77001953125,73.5299987792969,7.21129846572876,3.57
"2023-05-18",88.9666213989258,4198.0498046875,74.5800018310547,7.27949810028076,3.65
"2023-05-19",88.7930297851562,4191.97998046875,74.5400009155273,7.30941104888916,3.7
"2023-05-22",88.8605422973633,4192.6298828125,74.8050003051758,7.32257270812988,3.72
"2023-05-23",87.8768463134766,4145.580078125,74.6549987792969,7.28667736053467,3.7
"2023-05-24",87.2210388183594,4115.240234375,73.4899978637695,7.14190101623535,3.73
"2023-05-25",87.9636383056641,4151.27978515625,73.8249969482422,7.24958610534668,3.83
"2023-05-26",89.1980743408203,4205.4501953125,74.8850021362305,7.31060743331909,3.8
"2023-05-29",89.1980743408203,4205.4501953125,75.1050033569336,7.31060743331909,3.8
"2023-05-30",89.1498641967773,4205.52001953125,74.7649993896484,7.33812665939331,3.69
"2023-05-31",88.6676559448242,4179.830078125,74.3499984741211,7.21010112762451,3.64
"2023-06-01",89.5356140136719,4221.02001953125,74.3399963378906,7.30223226547241,3.61
"2023-06-02",90.8857803344727,4282.3701171875,76.0599975585938,7.44461584091187,3.69
"2023-06-05",90.7314910888672,4273.7900390625,76.3000030517578,7.45059680938721,3.69
"2023-06-06",90.9725952148438,4283.85009765625,76.4000015258789,7.47093725204468,3.7
"2023-06-07",90.5740051269531,4267.52001953125,76.2600021362305,7.47572469711304,3.79
"2023-06-08",91.1447906494141,4293.93017578125,75.875,7.49127817153931,3.73
"2023-06-09",91.2221755981445,4298.85986328125,76.245002746582,7.51281547546387,3.75
"2023-06-12",92.0832214355469,4338.93017578125,76.4599990844727,7.53315591812134,3.73
"2023-06-13",92.7314376831055,4369.009765625,77.1650009155273,7.63964366912842,3.84
"2023-06-14",92.8185119628906,4372.58984375,77.1750030517578,7.68630790710449,3.83
"2023-06-15",93.9601211547852,4425.83984375,76.9049987792969,7.69975280761719,3.72
"2023-06-16",93.5828094482422,4409.58984375,77.2200012207031,7.73710203170776,3.77
"2023-06-19",93.5828094482422,4409.58984375,76.7399978637695,7.68650007247925,3.77
"2023-06-20",93.1184158325195,4388.7099609375,76.3649978637695,7.62867069244385,3.74
"2023-06-21",92.5572814941406,4365.68994140625,76.0100021362305,7.63349056243896,3.72
"2023-06-22",92.8668823242188,4381.89013671875,75.8099975585938,7.60698461532593,3.8
"2023-06-23",92.121940612793,4348.330078125,75.7699966430664,7.54313135147095,3.74
"2023-06-26",91.7736358642578,4328.81982421875,75.5950012207031,7.54192638397217,3.72
"2023-06-27",92.8088302612305,4378.41015625,75.5199966430664,7.58047962188721,3.77
"2023-06-28",92.8475341796875,4376.85986328125,76.2399978637695,7.62505626678467,3.71
"2023-06-29",93.1958236694336,4396.43994140625,76.5299987792969,7.63830995559692,3.85
"2023-06-30",94.2890472412109,4450.3798828125,77.1949996948242,7.72264385223389,3.81
"2023-07-03",94.4631958007812,4455.58984375,77.4000015258789,7.7660174369812,3.86
"2023-07-04",94.4631958007812,4455.58984375,77.4850006103516,7.76119709014893,3.86
"2023-07-05",94.2793731689453,4446.81982421875,77.4150009155273,7.74433040618896,3.95
"2023-07-06",93.4957427978516,4411.58984375,76.1500015258789,7.60096120834351,4.05
"2023-07-07",93.3022537231445,4398.9501953125,76.1500015258789,7.66120004653931,4.06
"2023-07-10",93.6118240356445,4409.52978515625,75.8300018310547,7.66963338851929,4.01
"2023-07-11",94.2600479125977,4439.259765625,76.1449966430664,7.70216369628906,3.99
"2023-07-12",95.0146484375,4472.16015625,76.504997253418,7.83950757980347,3.86
"2023-07-13",95.8079681396484,4510.0400390625,76.504997253418,7.86962652206421,3.76
"2023-07-14",95.6725387573242,4505.419921875,76.4899978637695,7.90336275100708,3.83
"2023-07-17",96.1078796386719,4522.7900390625,76.4150009155273,7.89733791351318,3.81
"2023-07-18",96.8818588256836,4554.97998046875,76.8249969482422,7.93950414657593,3.8
"2023-07-19",97.1721038818359,4565.72021484375,77.504997253418,7.98649215698242,3.75
"2023-07-20",96.3981323242188,4534.8701171875,77.5699996948242,7.90938520431519,3.85
"2023-07-21",96.494873046875,4536.33984375,77.6750030517578,7.92263746261597,3.84
"2023-07-24",96.8818588256836,4554.64013671875,77.9599990844727,7.92263746261597,3.86
"2023-07-25",97.1624221801758,4567.4599609375,78.3600006103516,7.94914245605469,3.91
"2023-07-26",97.1721038818359,4566.75,78.0849990844727,7.92022752761841,3.86
"2023-07-27",96.4271240234375,4537.41015625,79.2050018310547,7.96119117736816,4.01
"2023-07-28",97.3945999145508,4582.22998046875,78.9550018310547,7.95034742355347,3.96
"2023-07-31",97.5784301757812,4588.9599609375,78.9899978637695,7.95637035369873,3.97
"2023-08-01",97.3172073364258,4576.72998046875,78.9499969482422,7.88047122955322,4.05
"2023-08-02",95.8950500488281,4513.39013671875,78.0999984741211,7.77686071395874,4.08
"2023-08-03",95.5951309204102,4501.89013671875,77.6849975585938,7.73951053619385,4.2
"2023-08-04",95.2371826171875,4478.02978515625,77.5950012207031,7.79493093490601,4.05
"2023-08-07",96.0208206176758,4518.43994140625,77.379997253418,7.75637722015381,4.09
"2023-08-08",95.5370864868164,4499.3798828125,77.2200012207031,7.71421051025391,4.02
"2023-08-09",94.898567199707,4467.7099609375,77.1549987792969,7.72625732421875,4
"2023-08-10",94.975944519043,4468.830078125,77.5350036621094,7.79372549057007,4.09
"2023-08-11",94.8888854980469,4464.0498046875,77.0250015258789,7.70457220077515,4.16
"2023-08-14",95.4403305053711,4489.72021484375,77.5100021362305,7.69854879379272,4.19
"2023-08-15",94.3374328613281,4437.85986328125,76.9800033569336,7.64553833007812,4.21
"2023-08-16",93.5828094482422,4404.330078125,76.8450012207031,7.62505626678467,4.28
"2023-08-17",92.8668823242188,4370.35986328125,76.3399963378906,7.54674625396729,4.3
"2023-08-18",92.9346084594727,4369.7099609375,75.7200012207031,7.47807312011719,4.26
"2023-08-21",93.5150833129883,4399.77001953125,75.7750015258789,7.47686910629272,4.34
"2023-08-22",93.2151641845703,4387.5498046875,76.5149993896484,7.53469800949097,4.34
"2023-08-23",94.2987365722656,4436.009765625,77,7.58288860321045,4.19
"2023-08-24",92.9732971191406,4376.31005859375,76.6999969482422,7.54433584213257,4.23
"2023-08-25",93.6505355834961,4405.7099609375,76.7149963378906,7.51783132553101,4.25
"2023-08-28",94.2406692504883,4433.31005859375,77.3199996948242,7.51783132553101,4.2
"2023-08-29",95.6918716430664,4497.6298828125,77.9649963378906,7.68770551681519,4.12
"2023-08-30",96.0691986083984,4514.8701171875,77.9199981689453,7.74071645736694,4.12
"2023-08-31",95.9821090698242,4507.66015625,78.5350036621094,7.74673938751221,4.09
"2023-09-01",96.2336578369141,4515.77001953125,78.8850021362305,7.73228216171265,4.18
"2023-09-04",96.2336578369141,4515.77001953125,78.9250030517578,7.72746324539185,4.18
"2023-09-05",95.7886123657227,4496.830078125,79.2099990844727,7.69975280761719,4.27
"2023-09-06",95.1017227172852,4465.47998046875,78.5699996948242,7.6419243812561,4.3
"2023-09-07",94.8114776611328,4451.14013671875,78.4850006103516,7.62023782730103,4.27
"2023-09-08",94.975944519043,4457.490234375,78.6350021362305,7.64553833007812,4.26
"2023-09-11",95.6048049926758,4487.4599609375,78.6350021362305,7.69252347946167,4.29
"2023-09-12",94.9856262207031,4461.89990234375,78.6699981689453,7.67927169799805,4.27
"2023-09-13",95.0146484375,4467.43994140625,78.6399993896484,7.6768627166748,4.25
"2023-09-14",95.8563461303711,4505.10009765625,79.6549987792969,7.7184944152832,4.29
"2023-09-15",94.6179962158203,4450.31982421875,79.2900009155273,7.68706512451172,4.33
"2023-09-18",94.6953887939453,4453.52978515625,78.9100036621094,7.64233875274658,4.32
"2023-09-19",94.4438552856445,4443.9501953125,78.5500030517578,7.58673048019409,4.37
"2023-09-20",93.5924835205078,4402.2001953125,78.7750015258789,7.65684461593628,4.35
"2023-09-21",91.9864883422852,4330,77.5199966430664,7.49123239517212,4.49
"2023-09-22",91.7833251953125,4320.06005859375,77.4899978637695,7.47551679611206,4.44
"2023-09-25",92.1993408203125,4337.43994140625,77.4499969482422,7.41265678405762,4.55
"2023-09-26",90.8187866210938,4273.52978515625,76.8300018310547,7.3558406829834,4.56
"2023-09-27",90.8965072631836,4274.509765625,77.0400009155273,7.32803678512573,4.61
"2023-09-28",91.440559387207,4299.7001953125,77.1600036621094,7.35946750640869,4.59
"2023-09-29",91.2365417480469,4288.0498046875,77.2900009155273,7.39089727401733,4.59
"2023-10-02",91.1393814086914,4288.39013671875,77.2050018310547,7.31957530975342,4.69
"2023-10-03",89.8763961791992,4229.4501953125,76.25,7.18539237976074,4.81
"2023-10-04",90.5467529296875,4263.75,76,7.21803188323975,4.73
"2023-10-05",90.3913116455078,4258.18994140625,75.9649963378906,7.22649383544922,4.72
"2023-10-06",91.5765686035156,4308.5,76.4400024414062,7.29177188873291,4.78
"2023-10-09",92.1497802734375,4335.66015625,76.9550018310547,7.30144309997559,4.78
"2023-10-10",92.6938400268555,4358.240234375,78.0350036621094,7.46584606170654,4.66
"2023-10-11",93.1115951538086,4376.9501953125,77.7050018310547,7.45375776290894,4.58
"2023-10-12",92.4412384033203,4349.60986328125,78.3199996948242,7.44771337509155,4.7
"2023-10-13",91.9748992919922,4327.77978515625,77.8349990844727,7.35342311859131,4.63
"2023-10-16",92.9950103759766,4373.6298828125,78.1999969482422,7.41507434844971,4.71
"2023-10-17",92.9950103759766,4373.2001953125,77.9800033569336,7.44408655166626,4.83
"2023-10-18",91.6737213134766,4314.60009765625,77.5749969482422,7.3558406829834,4.91
"2023-10-19",90.7896270751953,4278,76.7200012207031,7.27001237869263,4.98
"2023-10-20",89.6626586914062,4224.16015625,75.3550033569336,7.13824844360352,4.93
"2023-10-23",89.4780654907227,4217.0400390625,75.0599975585938,7.14066553115845,4.86
"2023-10-24",90.1484298706055,4247.68017578125,75.4850006103516,7.14429235458374,4.83
"2023-10-25",88.7494125366211,4186.77001953125,75.1600036621094,7.13341283798218,4.95
"2023-10-26",87.7973098754883,4137.22998046875,74.5550003051758,7.06209135055542,4.86
"2023-10-27",87.4281387329102,4117.3701171875,73.9000015258789,7.04395818710327,4.84
"2023-10-30",88.4676666259766,4166.81982421875,73.9899978637695,7.01615476608276,4.88
"2023-10-31",89.0505981445312,4193.7998046875,74.6750030517578,7.07176160812378,4.88
"2023-11-01",89.9929733276367,4237.85986328125,75.4850006103516,7.11528015136719,4.77
"2023-11-02",91.7417449951172,4317.77978515625,76.5899963378906,7.30506944656372,4.67
"2023-11-03",92.6452713012695,4358.33984375,76.9749984741211,7.43683338165283,4.57
"2023-11-06",92.7715530395508,4365.97998046875,76.7699966430664,7.41023874282837,4.67
"2023-11-07",93.1212997436523,4378.3798828125,77.2200012207031,7.40298557281494,4.58
"2023-11-08",93.1893157958984,4382.77978515625,76.9550018310547,7.40661191940308,4.49
"2023-11-09",92.4703674316406,4347.35009765625,77.2949981689453,7.42353677749634,4.62
"2023-11-10",93.9276885986328,4415.240234375,77.1100006103516,7.36430263519287,4.61
"2023-11-13",93.7819519042969,4411.5498046875,77.6500015258789,7.44892168045044,4.63
"2023-11-14",95.7541580200195,4495.7001953125,78.1600036621094,7.63992071151733,4.44
"2023-11-15",95.8804626464844,4502.8798828125,78.4400024414062,7.69069147109985,4.53
"2023-11-16",96.0941925048828,4508.240234375,77.9899978637695,7.63508605957031,4.45
"2023-11-17",96.2302093505859,4514.02001953125,78.2699966430664,7.6773943901062,4.44
"2023-11-20",96.958854675293,4547.3798828125,78.3399963378906,7.72212171554565,4.42
"2023-11-21",96.7839813232422,4538.18994140625,78.375,7.73421001434326,4.41
"2023-11-22",97.192024230957,4556.6201171875,79.0299987792969,7.75234270095825,4.42
"2023-11-23",97.192024230957,4556.6201171875,78.9899978637695,7.7704758644104,4.42
"2023-11-24",97.2600326538086,4559.33984375,78.8399963378906,7.78739976882935,4.47
"2023-11-27",97.0948791503906,4550.43017578125,78.6999969482422,7.77531147003174,4.39
"2023-11-28",97.2114791870117,4554.89013671875,78.5500030517578,7.79223585128784,4.34
"2023-11-29",97.240608215332,4550.580078125,78.6050033569336,7.80674171447754,4.27
"2023-11-30",97.6292190551758,4567.7998046875,78.9700012207031,7.80432271957397,4.37
"2023-12-01",98.3092956542969,4594.6298828125,79.8499984741211,7.85872268676758,4.22
"2023-12-04",97.7652359008789,4569.77978515625,79.7600021362305,7.85026025772095,4.28
"2023-12-05",97.736083984375,4567.18017578125,80.1600036621094,7.84784269332886,4.18
"2023-12-06",97.3766326904297,4549.33984375,80.2799987792969,7.88048124313354,4.12
"2023-12-07",98.1247100830078,4585.58984375,80.375,7.85509634017944,4.14
"2023-12-08",98.5424728393555,4604.3701171875,80.875,7.87443733215332,4.23
"2023-12-11",98.9699325561523,4622.43994140625,81.1600036621094,7.92037153244019,4.23
"2023-12-12",99.3682708740234,4643.7001953125,81.1399993896484,7.93729782104492,4.2
"2023-12-13",100.776969909668,4707.08984375,81.4349975585938,7.94938564300537,4.04
"2023-12-14",101.146171569824,4719.5498046875,81.4049987792969,8.16210746765137,3.92
"2023-12-15",100.971282958984,4719.18994140625,81.9749984741211,8.14390754699707,3.91
"2023-12-18",101.525062561035,4740.56005859375,82.0100021362305,8.13056182861328,3.95
"2023-12-19",102.117683410645,4768.3701171875,82.0950012207031,8.18273258209229,3.93
"2023-12-20",100.63330078125,4698.35009765625,82.3499984741211,8.20214748382568,3.86
"2023-12-21",101.646934509277,4746.75,81.7300033569336,8.16332054138184,3.89
"2023-12-22",101.871109008789,4754.6298828125,82.0400009155273,8.18516063690186,3.9
"2023-12-25",101.871109008789,4754.6298828125,82.0400009155273,8.18516063690186,3.9
"2023-12-26",102.348686218262,4774.75,82.0400009155273,8.18516063690186,3.89
"2023-12-27",102.524131774902,4781.580078125,81.7600021362305,8.26523971557617,3.79
"2023-12-28",102.582618713379,4783.35009765625,82.0550003051758,8.2688798904419,3.84
"2023-12-29",102.260971069336,4769.830078125,81.870002746582,8.27130603790283,3.88
"2024-01-01",102.260971069336,4769.830078125,81.870002746582,8.27130603790283,3.88
"2024-01-02",101.559211730957,4742.830078125,82.2149963378906,8.19486618041992,3.95
"2024-01-03",100.613800048828,4704.81005859375,81.8300018310547,8.10265350341797,3.91
"2024-01-04",100.301910400391,4688.68017578125,81.7850036621094,8.13662815093994,3.99
"2024-01-05",100.428619384766,4697.240234375,81.629997253418,8.11963939666748,4.05
"2024-01-08",101.939331054688,4763.5400390625,81.8000030517578,8.13420009613037,4.01
"2024-01-09",101.734657287598,4756.5,82.4150009155273,8.14512062072754,4.02
"2024-01-10",102.309707641602,4783.4501953125,82.4049987792969,8.15361404418945,4.04
"2024-01-11",102.290214538574,4780.240234375,82.1149978637695,8.10872077941895,3.98
"2024-01-12",102.377944946289,4783.830078125,82.6849975585938,8.17059993743896,3.96
"2024-01-15",102.377944946289,4783.830078125,82.745002746582,8.15968036651611,3.96
"2024-01-16",102.027061462402,4765.97998046875,82.9449996948242,8.13541507720947,4.07
"2024-01-17",101.481254577637,4739.2099609375,82.4000015258789,8.05169486999512,4.1
"2024-01-18",102.338935852051,4780.93994140625,82.7300033569336,8.068678855896,4.14
"2024-01-19",103.606010437012,4839.81005859375,83.004997253418,8.11478614807129,4.15
"2024-01-22",103.869148254395,4850.43017578125,83.9449996948242,8.19729232788086,4.11
"2024-01-23",104.122573852539,4864.60009765625,84.0550003051758,8.16332054138184,4.14
"2024-01-24",104.161560058594,4868.5498046875,84.504997253418,8.23854732513428,4.18
"2024-01-25",104.746337890625,4894.16015625,84.8600006103516,8.19244003295898,4.14
"2024-01-26",104.609893798828,4890.97021484375,84.9700012207031,8.25310611724854,4.15
"2024-01-29",105.438354492188,4927.93017578125,85.3000030517578,8.23854732513428,4.08
"2024-01-30",105.331130981445,4924.97021484375,85.5449981689453,8.28465270996094,4.06
"2024-01-31",103.606010437012,4845.64990234375,85.0149993896484,8.29800033569336,3.99
"2024-02-01",104.921783447266,4906.18994140625,84.6949996948242,8.24825477600098,3.87
"2024-02-02",106.003662109375,4958.60986328125,86.0299987792969,8.28586769104004,4.03
"2024-02-05",105.652778625488,4942.81005859375,86.1750030517578,8.23369312286377,4.17
"2024-02-06",105.95491027832,4954.22998046875,86.370002746582,8.27494716644287,4.09
"2024-02-07",106.832122802734,4995.06005859375,86.7300033569336,8.31741333007812,4.09
"2024-02-08",106.968574523926,4997.91015625,86.7900009155273,8.31620121002197,4.15
"2024-02-09",107.621574401855,5026.60986328125,86.9349975585938,8.3416805267334,4.17
"2024-02-12",107.58260345459,5021.83984375,87.6500015258789,8.41569423675537,4.17
"2024-02-13",105.99390411377,4953.169921875,86.8000030517578,8.26766586303711,4.31
"2024-02-14",107.036796569824,5000.6201171875,86.9250030517578,8.2931489944458,4.27
"2024-02-15",107.709312438965,5029.72998046875,87.3399963378906,8.37686824798584,4.24
"2024-02-16",107.143997192383,5005.56982421875,87.7350006103516,8.42782974243164,4.3
"2024-02-19",107.143997192383,5005.56982421875,87.5250015258789,8.38900089263916,4.3
"2024-02-20",106.481239318848,4975.509765625,86.6800003051758,8.37565517425537,4.27
"2024-02-21",106.549461364746,4981.7998046875,86.5849990844727,8.36715984344482,4.32
"2024-02-22",108.83016204834,5087.02978515625,88.0500030517578,8.46180057525635,4.33
"2024-02-23",108.771675109863,5088.7998046875,88.3850021362305,8.48606777191162,4.26
"2024-02-26",108.450042724609,5069.52978515625,88.0599975585938,8.48485374450684,4.28
"2024-02-27",108.596237182617,5078.18017578125,87.9300003051758,8.47636127471924,4.31
"2024-02-28",108.440299987793,5069.759765625,87.9800033569336,8.46908187866211,4.27
"2024-02-29",108.91788482666,5096.27001953125,88.1800003051758,8.45937538146973,4.25
"2024-03-01",109.980255126953,5137.080078125,88.8000030517578,8.50790786743164,4.19
"2024-03-04",109.824310302734,5130.9501953125,88.7900009155273,8.53945350646973,4.22
"2024-03-05",108.654724121094,5078.64990234375,88.1849975585938,8.47150802612305,4.13
"2024-03-06",109.190780639648,5104.759765625,88.4700012207031,8.49820041656494,4.11
"2024-03-07",110.350616455078,5157.35986328125,88.8649978637695,8.57221508026123,4.09
"2024-03-08",109.590393066406,5123.68994140625,88.9300003051758,8.57828140258789,4.09
"2024-03-11",109.463684082031,5117.93994140625,88.3249969482422,8.51882839202881,4.1
"2024-03-12",110.691757202148,5175.27001953125,89.0749969482422,8.57100105285645,4.16
"2024-03-13",110.496826171875,5165.31005859375,89.0749969482422,8.60012054443359,4.19
"2024-03-14",110.184936523438,5150.47998046875,89.129997253418,8.53551578521729,4.29
"2024-03-15",109.405204772949,5117.08984375,88.5950012207031,8.45767593383789,4.31
"2024-03-18",110.126441955566,5149.419921875,89.3949966430664,8.53429889678955,4.34
"2024-03-19",110.798965454102,5178.509765625,89.5149993896484,8.54159641265869,4.3
"2024-03-20",111.802864074707,5224.6201171875,89.7200012207031,8.56105613708496,4.27
"2024-03-21",112.276176452637,5241.52978515625,91.0199966430664,8.68997573852539,4.27
"2024-03-22",112.041481018066,5234.18017578125,90.9749984741211,8.62551784515381,4.22
"2024-03-25",111.689422607422,5218.18994140625,90.6999969482422,8.61821937561035,4.25
"2024-03-26",111.503608703613,5203.580078125,90.9049987792969,8.6364631652832,4.24
"2024-03-27",112.413093566895,5248.490234375,90.8649978637695,8.64254283905029,4.2
"2024-03-28",112.422874450684,5254.35009765625,91.4449996948242,8.68876075744629,4.2
"2024-03-29",112.422874450684,5254.35009765625,91.4449996948242,8.68876075744629,4.2
"2024-04-01",112.207710266113,5243.77001953125,91.4449996948242,8.68876075744629,4.33
"2024-04-02",111.484062194824,5205.81005859375,90.6849975585938,8.5379467010498,4.36
"2024-04-03",111.601409912109,5211.490234375,90.7649993896484,8.57930088043213,4.36
"2024-04-04",110.320320129395,5147.2099609375,90.8450012207031,8.61457061767578,4.31
"2024-04-05",111.396049499512,5204.33984375,90.1999969482422,8.5111894607544,4.39
"2024-04-08",111.454711914062,5202.39013671875,90.379997253418,8.56470489501953,4.42
"2024-04-09",111.679649353027,5209.91015625,89.8550033569336,8.53308296203613,4.36
"2024-04-10",110.49634552002,5160.64013671875,90.2750015258789,8.4528112411499,4.55
"2024-04-11",111.249359130859,5199.06005859375,90.4000015258789,8.39564895629883,4.56
"2024-04-12",109.645553588867,5123.41015625,90.8499984741211,8.35429763793945,4.5
"2024-04-15",108.286231994629,5061.81982421875,90.6449966430664,8.32997131347656,4.63
"2024-04-16",108.031967163086,5051.41015625,89.2300033569336,8.21442890167236,4.67
"2024-04-17",107.406089782715,5022.2099609375,88.7600021362305,8.16091537475586,4.59
"2024-04-18",107.161605834961,5011.1201171875,88.9700012207031,8.18524169921875,4.64
"2024-04-19",106.29125213623,4967.22998046875,88.0999984741211,8.14875411987305,4.62
"2024-04-22",107.181159973145,5010.60009765625,88.2750015258789,8.1511869430542,4.62
"2024-04-23",108.511161804199,5070.5498046875,89.2399978637695,8.28497123718262,4.61
"2024-04-24",108.569816589355,5071.6298828125,89.2799987792969,8.29105091094971,4.65
"2024-04-25",108.090637207031,5048.419921875,88.1999969482422,8.24240303039551,4.7
"2024-04-26",109.156593322754,5099.9599609375,89.7850036621094,8.32875633239746,4.67
"2024-04-29",109.537979125977,5116.169921875,89.8150024414062,8.40172958374023,4.63
"2024-04-30",107.846153259277,5035.68994140625,89.5749969482422,8.3360538482666,4.69
"2024-05-01",107.474533081055,5018.39013671875,89.5749969482422,8.26551151275635,4.63
"2024-05-02",108.530723571777,5064.2001953125,88.9150009155273,8.2825403213501,4.58
"2024-05-03",109.919364929199,5127.7900390625,89.6399993896484,8.39686489105225,4.5
"2024-05-06",111.053764343262,5180.740234375,90.3199996948242,8.39686489105225,4.49
"2024-05-07",111.210227966309,5187.7001953125,90.9400024414062,8.49294853210449,4.47
"2024-05-08",111.180892944336,5187.669921875,90.9449996948242,8.45037841796875,4.48
"2024-05-09",111.875228881836,5214.080078125,91.1399993896484,8.50510787963867,4.45
"2024-05-10",112.090370178223,5222.68017578125,91.4449996948242,8.54524421691895,4.5
"2024-05-13",112.080596923828,5221.419921875,91.3000030517578,8.55497455596924,4.48
"2024-05-14",112.68692779541,5246.68017578125,91.25,8.5634880065918,4.45
"2024-05-15",114.056007385254,5308.14990234375,91.9150009155273,8.65105724334717,4.36
"2024-05-16",113.752853393555,5297.10009765625,92.2900009155273,8.66200256347656,4.38
"2024-05-17",113.899551391602,5303.27001953125,92,8.64497661590576,4.42
"2024-05-20",114.026672363281,5308.1298828125,92.5199966430664,8.67416572570801,4.44
"2024-05-21",114.232032775879,5321.41015625,92.3099975585938,8.64497661590576,4.41
"2024-05-22",113.831092834473,5307.009765625,92.3450012207031,8.64497661590576,4.43
"2024-05-23",113.038963317871,5267.83984375,92.370002746582,8.59875965118408,4.47
"2024-05-24",113.762641906738,5304.72021484375,92.0299987792969,8.57686710357666,4.46
"2024-05-27",113.762641906738,5304.72021484375,92.25,8.57686710357666,4.46
"2024-05-28",113.801765441895,5306.0400390625,91.879997253418,8.5379467010498,4.54
"2024-05-29",112.999855041504,5266.9501953125,91.5250015258789,8.42605495452881,4.61
"2024-05-30",112.149055480957,5235.47998046875,91.2699966430664,8.4528112411499,4.55
"2024-05-31",112.970512390137,5277.509765625,90.6699981689453,8.44794750213623,4.51
"2024-06-03",113.107429504395,5283.39990234375,91.3450012207031,8.54038047790527,4.41
"2024-06-04",113.156311035156,5291.33984375,91.1699981689453,8.52335357666016,4.33
"2024-06-05",114.544975280762,5354.02978515625,92.2600021362305,8.62794971466064,4.29
"2024-06-06",114.505851745605,5352.9599609375,92.5999984741211,8.65957164764404,4.28
"2024-06-07",114.408073425293,5346.990234375,93.0599975585938,8.64011192321777,4.43
"2024-06-10",114.769897460938,5360.7900390625,93.4499969482422,8.62673282623291,4.47
"2024-06-11",114.997352600098,5375.31982421875,93.3150024414062,8.57200336456299,4.39
"2024-06-12",116.026733398438,5421.02978515625,93.7750015258789,8.73254489898682,4.31
"2024-06-13",116.144378662109,5433.740234375,93.7699966430664,8.66508483886719,4.24
"2024-06-14",116.173797607422,5431.60009765625,94.0299987792969,8.64672660827637,4.2
"2024-06-17",117.134559631348,5473.22998046875,94.0849990844727,8.6724271774292,4.28
"2024-06-18",117.487480163574,5487.02978515625,94.5950012207031,8.74096488952637,4.22
"2024-06-19",117.487480163574,5487.02978515625,94.7249984741211,8.77156066894531,4.22
"2024-06-20",117.144355773926,5473.169921875,95.120002746582,8.78624725341797,4.25
"2024-06-21",116.977699279785,5464.6201171875,94.75,8.71159172058105,4.25
"2024-06-24",116.605155944824,5447.8701171875,94.9499969482422,8.7421875,4.25
"2024-06-25",117.036521911621,5469.2998046875,94.879997253418,8.71771240234375,4.23
"2024-06-26",117.144355773926,5477.89990234375,94.8349990844727,8.69078731536865,4.32
"2024-06-27",117.389442443848,5482.8701171875,94.8300018310547,8.72015953063965,4.29
"2024-06-28",116.977699279785,5460.47998046875,95.1900024414062,8.76544189453125,4.36
"2024-07-01",117.212989807129,5475.08984375,94.6350021362305,8.712815284729,4.48
"2024-07-02",117.987480163574,5509.009765625,94.7850036621094,8.73117256164551,4.43
"2024-07-03",118.556091308594,5537.02001953125,95.0849990844727,8.82418727874756,4.36
"2024-07-04",118.556091308594,5537.02001953125,95.3000030517578,8.85600852966309,4.36
"2024-07-05",119.183517456055,5567.18994140625,95.3349990844727,8.86090564727783,4.28
"2024-07-08",119.38939666748,5572.85009765625,95.504997253418,8.90006923675537,4.28
"2024-07-09",119.526657104492,5576.97998046875,95.6600036621094,8.89027881622314,4.3
"2024-07-10",120.634475708008,5633.91015625,96.0299987792969,8.95392036437988,4.28
"2024-07-11",119.693321228027,5584.5400390625,95.8600006103516,9.00165176391602,4.2
"2024-07-12",120.477607727051,5615.35009765625,96.3399963378906,9.08120441436768,4.18
"2024-07-15",120.683479309082,5631.22021484375,96.3399963378906,9.08732223510742,4.23
"2024-07-16",121.63444519043,5667.2001953125,96.4850006103516,9.06896495819092,4.17
"2024-07-17",119.820762634277,5588.27001953125,95.4749984741211,9.02245807647705,4.16
"2024-07-18",118.791374206543,5544.58984375,94.9250030517578,8.96248817443848,4.2
"2024-07-19",118.016883850098,5505,94.370002746582,8.84866714477539,4.25
"2024-07-22",119.301170349121,5564.41015625,94.8099975585938,8.89394950866699,4.26
"2024-07-23",119.075675964355,5555.740234375,95.7099990844727,8.94413089752197,4.25
"2024-07-24",116.428680419922,5427.1298828125,94.0500030517578,8.78012752532959,4.28
"2024-07-25",115.811050415039,5399.22021484375,93.5599975585938,8.73239803314209,4.27
"2024-07-26",117.27180480957,5459.10009765625,93.745002746582,8.7593240737915,4.2
"2024-07-29",117.262001037598,5463.5400390625,93.9199981689453,8.77033805847168,4.17
"2024-07-30",116.703201293945,5436.43994140625,93.995002746582,8.77523326873779,4.15
"2024-07-31",118.683540344238,5522.2998046875,95.3899993896484,8.92944240570068,4.09
"2024-08-01",116.9384765625,5446.68017578125,94.4550018310547,8.79481506347656,3.99
"2024-08-02",114.634605407715,5346.56005859375,90.6650009155273,8.47171115875244,3.8
"2024-08-05",111.222923278809,5186.330078125,88.625,8.36400890350342,3.78
"2024-08-06",112.369956970215,5240.02978515625,89.4150009155273,8.41786098480225,3.9
"2024-08-07",111.517021179199,5199.5,90.6600036621094,8.5292329788208,3.96
"2024-08-08",114.193450927734,5319.31005859375,90.6600036621094,8.49129295349121,3.99
"2024-08-09",114.634605407715,5344.16015625,91.0250015258789,8.52800941467285,3.94
"2024-08-12",114.732643127441,5344.39013671875,91.1750030517578,8.54269695281982,3.9
"2024-08-13",116.683586120605,5434.43017578125,92.0699996948242,8.65896511077881,3.85
"2024-08-14",117.056121826172,5455.2099609375,92.3000030517578,8.72872638702393,3.83
"2024-08-15",119.056076049805,5543.22021484375,93.9250030517578,8.86824798583984,3.92
"2024-08-16",119.252151489258,5554.25,94.0350036621094,8.88293552398682,3.89
"2024-08-19",120.4580078125,5608.25,94.3099975585938,8.96983051300049,3.86
"2024-08-20",120.212921142578,5597.1201171875,94.0999984741211,8.9808464050293,3.82
"2024-08-21",120.75212097168,5620.85009765625,94.1900024414062,9.02245807647705,3.79
"2024-08-22",119.68350982666,5570.64013671875,94.3450012207031,9.01266765594482,3.86
"2024-08-23",121.046241760254,5634.60986328125,94.375,9.08977031707764,3.81
"2024-08-26",120.693298339844,5616.83984375,94.3099975585938,9.08977031707764,3.82
"2024-08-27",120.830551147461,5625.7998046875,94.370002746582,9.04448699951172,3.83
"2024-08-28",120.154090881348,5592.18017578125,94.3399963378906,9.03347110748291,3.84
"2024-08-29",120.222717285156,5591.9599609375,95.4049987792969,9.07997989654541,3.87
"2024-08-30",121.389366149902,5648.39990234375,95.0800018310547,9.05183029174805,3.91
"2024-09-02",121.389366149902,5648.39990234375,95.6699981689453,9.10568237304688,3.91
"2024-09-03",118.899223327637,5528.93017578125,94.7350006103516,9.0053243637085,3.84
"2024-09-04",118.487464904785,5520.06982421875,93.620002746582,8.9318904876709,3.77
"2024-09-05",118.21297454834,5503.41015625,92.9749984741211,8.85356140136719,3.73
"2024-09-06",116.301231384277,5408.419921875,91.8249969482422,8.75075721740723,3.72
"2024-09-09",117.634536743164,5471.0498046875,92.8550033569336,8.8180685043335,3.7
"2024-09-10",118.144340515137,5495.52001953125,93.0299987792969,8.86090564727783,3.65
"2024-09-11",119.399215698242,5554.1298828125,92.5699996948242,8.80705451965332,3.65
"2024-09-12",120.448211669922,5595.759765625,94.2949981689453,8.98899459838867,3.68
"2024-09-13",121.144264221191,5626.02001953125,94.9850006103516,9.09700012207031,3.66
"2024-09-16",121.408966064453,5633.08984375,94.5800018310547,9.11050128936768,3.63
"2024-09-17",121.497200012207,5634.580078125,95.1399993896484,9.1657304763794,3.65
"2024-09-18",121.134452819824,5618.259765625,94.6549987792969,9.10068130493164,3.7
"2024-09-19",123.252067565918,5713.64013671875,95.9850006103516,9.2528715133667,3.73
"2024-09-20",122.899131774902,5702.5498046875,95.375,9.14609336853027,3.73
"2024-09-23",123.252067565918,5718.56982421875,96.004997253418,9.20745944976807,3.75
"2024-09-24",123.546157836914,5732.93017578125,96.0400009155273,9.23568916320801,3.74
"2024-09-25",123.318923950195,5722.259765625,96.0800018310547,9.26269054412842,3.79
"2024-09-26",123.840324401855,5745.3701171875,96.3199996948242,9.3068733215332,3.79
"2024-09-27",123.633735656738,5738.169921875,96.6650009155273,9.32773780822754,3.75
"2024-09-30",124.135459899902,5762.47998046875,96.3649978637695,9.27496433258057,3.81
"2024-10-01",122.94507598877,5708.75,96.5550003051758,9.20255088806152,3.74
"2024-10-02",122.95491027832,5709.5400390625,96.9199981689453,9.21114158630371,3.79
"2024-10-03",122.728637695312,5699.93994140625,96.6900024414062,9.16450214385986,3.85
"2024-10-04",123.860000610352,5751.06982421875,97.2900009155273,9.1657304763794,3.98
"2024-10-07",122.77783203125,5695.93994140625,97.5899963378906,9.1927318572998,4.03
"2024-10-08",123.958381652832,5751.1298828125,97.5400009155273,9.19886684417725,4.04
"2024-10-09",124.824119567871,5792.0400390625,98.254997253418,9.25409984588623,4.06
"2024-10-10",124.617530822754,5780.0498046875,98.4700012207031,9.23446083068848,4.09
"2024-10-11",125.32585144043,5815.02978515625,98.8300018310547,9.26882648468018,4.08
"2024-10-14",126.378540039062,5859.85009765625,99.625,9.31792068481445,4.08
"2024-10-15",125.394721984863,5815.259765625,99.3850021362305,9.27128219604492,4.03
"2024-10-16",125.916137695312,5842.47021484375,99.3850021362305,9.23814296722412,4.02
"2024-10-17",125.817756652832,5841.47021484375,100.235000610352,9.28110027313232,4.09
"2024-10-18",126.270309448242,5864.669921875,100.125,9.277419090271,4.08
"2024-10-21",126.014526367188,5853.97998046875,99.7149963378906,9.19886684417725,4.19
"2024-10-22",125.77840423584,5851.2001953125,99.8600006103516,9.18905162811279,4.2
"2024-10-23",124.696220397949,5797.419921875,99.495002746582,9.12645626068115,4.24
"2024-10-24",125.020881652832,5809.85986328125,99.3899993896484,9.18168640136719,4.21
"2024-10-25",125.011039733887,5808.1201171875,99.7300033569336,9.22832489013672,4.25
"2024-10-28",125.404563903809,5823.52001953125,99.6600036621094,9.21605110168457,4.28
"2024-10-29",125.542304992676,5832.919921875,99.7699966430664,9.18168640136719,4.28
"2024-10-30",125.178291320801,5813.669921875,99.2900009155273,9.18782329559326,4.29
"2024-10-31",122.59090423584,5705.4501953125,97.5500030517578,9.03317832946777,4.28
"2024-11-01",123.368110656738,5728.7998046875,98.3099975585938,9.09208965301514,4.37
"2024-11-04",123.161514282227,5712.68994140625,97.4749984741211,9.0699987411499,4.31
"2024-11-05",124.656875610352,5782.759765625,97.9899978637695,9.1399564743042,4.26
"2024-11-06",127.72632598877,5929.0400390625,100.98999786377,9.26391792297363,4.42
"2024-11-07",128.867538452148,5973.10009765625,101.650001525879,9.38296794891357,4.31
"2024-11-08",129.447982788086,5995.5400390625,102.349998474121,9.42838001251221,4.3
"2024-11-11",129.762786865234,6001.35009765625,103.495002746582,9.50692939758301,4.3
"2024-11-12",129.290573120117,5983.990234375,103.11499786377,9.43206214904785,4.43
"2024-11-13",129.339767456055,5985.3798828125,103.485000610352,9.41856098175049,4.44
"2024-11-14",128.592071533203,5949.169921875,103.425003051758,9.430832862854,4.43
"2024-11-15",126.811386108398,5870.6201171875,102.139999389648,9.2860107421875,4.43
"2024-11-18",127.332801818848,5893.6201171875,102.404998779297,9.32896518707275,4.42
"2024-11-19",127.775535583496,5916.97998046875,102.279998779297,9.32528400421143,4.39
"2024-11-20",127.873893737793,5917.10986328125,102.360000610352,9.277419090271,4.41
"2024-11-21",128.769149780273,5948.7099609375,103.745002746582,9.40383338928223,4.43
"2024-11-22",129.103622436523,5969.33984375,104.879997253418,9.43819904327393,4.41
"2024-11-25",129.615219116211,5987.3701171875,104.684997558594,9.49711036682129,4.27
"2024-11-26",130.21533203125,6021.6298828125,104.805000305176,9.45047283172607,4.3
"2024-11-27",129.703765869141,5998.740234375,103.934997558594,9.44679069519043,4.25
"2024-11-28",129.703765869141,5998.740234375,104.434997558594,9.49219989776611,4.25
"2024-11-29",130.56950378418,6032.3798828125,104.830001831055,9.53761291503906,4.18
"2024-12-02",130.736740112305,6047.14990234375,105.699996948242,9.55356788635254,4.19
"2024-12-03",130.874450683594,6049.8798828125,105.629997253418,9.56093215942383,4.23
"2024-12-04",131.877944946289,6086.490234375,105.955001831055,9.6014347076416,4.19
"2024-12-05",131.54345703125,6075.10986328125,105.86499786377,9.62966156005859,4.17
"2024-12-06",131.877944946289,6090.27001953125,105.889999389648,9.62352657318115,4.15
"2024-12-09",131.130249023438,6052.85009765625,105.550003051758,9.59529685974121,4.2
"2024-12-10",130.598999023438,6034.91015625,105.709999084473,9.55356788635254,4.22
"2024-12-11",131.661514282227,6084.18994140625,106.345001220703,9.57565975189209,4.26
"2024-12-12",131.002365112305,6051.25,106.144996643066,9.56246471405029,4.32
"2024-12-13",130.913833618164,6051.08984375,105.63500213623,9.48860359191895,4.4
"2024-12-16",131.454925537109,6074.080078125,105.775001525879,9.50337505340576,4.39
"2024-12-17",130.791778564453,6050.60986328125,105.48999786377,9.47136974334717,4.4
"2024-12-18",126.78532409668,5872.16015625,105.684997558594,9.50091361999512,4.5
"2024-12-19",126.657051086426,5867.080078125,104.019996643066,9.22762870788574,4.57
"2024-12-20",128.22607421875,5930.85009765625,104.169998168945,9.23255348205566,4.52
"2024-12-23",129.015518188477,5974.06982421875,103.974998474121,9.1931619644165,4.59
"2024-12-24",130.446380615234,6040.0400390625,104.860000610352,9.25963497161865,4.59
"2024-12-25",130.446380615234,6040.0400390625,104.860000610352,9.25963497161865,4.59
"2024-12-26",130.426666259766,6037.58984375,104.860000610352,9.25963497161865,4.58
"2024-12-27",129.015518188477,5970.83984375,104.48999786377,9.26702213287354,4.62
"2024-12-30",127.653717041016,5906.93994140625,103.934997558594,9.15500068664551,4.55
"2024-12-31",127.653717041016,5906.93994140625,103.934997558594,9.15500068664551,4.58
